"","cntry","year","CPIH","DGDP","DMGT","DXGT","LTIR","PDEB","PGDP","POPU","REER","STIR","TFFP","UVGD","id"
"1","AUT",1960,NA,9.0551781,1.4412,1.3492,NA,NA,NA,7047.44,1.995702129,NA,50.8183149,6.3074,1
"2","AUT",1961,NA,9.4406705,1.4983,1.4626,NA,NA,NA,7086.3,2.016729286,NA,52.412381,6.9253,1
"3","AUT",1962,NA,9.778543,1.5741,1.6085,NA,NA,NA,7129.86,2.021399243,NA,52.7431401,7.3451,1
"4","AUT",1963,NA,10.1263703,1.7395,1.7498,NA,NA,NA,7175.81,2.021399243,NA,54.2676038,7.9166,1
"5","AUT",1964,NA,10.4559614,1.9616,1.8951,NA,NA,NA,7223.8,2.021399243,NA,56.6613983,8.6678,1
"6","AUT",1965,NA,11.0513936,2.2105,2.0869,6.51,NA,86.6326,7270.89,2.021394882,NA,57.5346739,9.4233,1
"7","AUT",1966,NA,11.3964171,2.4817,2.2677,6.91,NA,90.4773,7322.07,2.02140215,NA,60.0618727,10.2658,1
"8","AUT",1967,NA,11.8217359,2.5874,2.4226,7.22,NA,94.3737,7377,2.011965001,4.75,61.5379958,10.9692,1
"9","AUT",1968,NA,12.5817377,2.8886,2.7624,7.74,NA,98.3182,7415.4,1.944081161,4.14,63.7819505,12.1965,1
"10","AUT",1969,NA,13.0103904,3.3251,3.3528,7.52,NA,102.409,7441.06,1.931415885,4.49,66.7847644,13.4036,1
"11","AUT",1970,NA,13.6268582,4.131,4.1194,7.82,NA,107.1248,7467.09,1.931491319,5.62,70.1762363,15.0387,1
"12","AUT",1971,NA,14.6932091,4.6609,4.6082,7.71,NA,112.5485,7500.48,1.902487591,4.39,71.8180497,17.0446,1
"13","AUT",1972,NA,15.9614321,5.3815,5.2961,7.38,NA,118.8079,7544.2,1.884424031,5.17,74.2188959,19.6653,1
"14","AUT",1973,NA,18.5425767,6.5986,6.4505,8.25,NA,125.1118,7586.12,1.752670363,6.94,75.4638268,23.9619,1
"15","AUT",1974,NA,22.3607232,9.1469,8.7448,9.74,NA,130.9213,7599.04,1.59147693,7.26,76.3977827,30.0355,1
"16","AUT",1975,NA,24.1935971,9.2298,9.0971,9.61,NA,135.5956,7578.9,1.565874291,5.49,75.0275108,32.3797,1
"17","AUT",1976,NA,27.4841373,11.9878,11.0603,8.75,NA,140.1442,7565.53,1.455963896,4.67,76.9639323,38.4672,1
"18","AUT",1977,NA,30.7431699,14.615,12.6392,8.73,NA,144.7365,7568.43,1.369287007,7.49,78.8381296,45.2145,1
"19","AUT",1978,NA,33.2530823,14.9107,14.209,8.21,NA,148.4972,7562.31,1.341802141,6.44,77.2982888,48.8028,1
"20","AUT",1979,NA,34.9126248,17.5102,16.6704,7.96,NA,152.1327,7549.43,1.330603257,5.6,79.990069,53.9831,1
"21","AUT",1980,NA,37.5602947,20.7569,18.7251,9.32,NA,155.5463,7549.43,1.305829088,10.28,79.7040847,59.0826,1
"22","AUT",1981,NA,40.6566741,22.6042,21.0745,10.61,NA,158.6767,7568.71,1.287406525,11.37,78.6540818,63.861,1
"23","AUT",1982,NA,45.4400479,23.5727,23.1109,9.92,NA,161.3406,7574.14,1.213570925,8.77,80.0437061,72.8099,1
"24","AUT",1983,NA,49.1680469,25.9553,24.7256,8.17,NA,164.0778,7561.91,1.160505222,5.38,81.9433468,81.1257,1
"25","AUT",1984,NA,52.3691433,29.2414,28.3138,8.02,NA,166.8953,7561.43,1.143499778,6.57,81.2797968,86.4517,1
"26","AUT",1985,NA,54.2383111,32.2696,32.0489,7.77,NA,170.2322,7564.98,1.13680661,6.2,82.3237422,91.7746,1
"27","AUT",1986,NA,58.3706844,32.3498,32.3304,7.44,NA,173.8808,7569.79,1.087498092,5.32,83.2372308,101.0398,1
"28","AUT",1987,NA,61.4070799,33.8811,33.8366,7.01,NA,177.9235,7574.59,1.058915867,4.35,83.5162872,107.7385,1
"29","AUT",1988,NA,62.280141,37.8025,37.3277,6.86,NA,182.5724,7585.32,1.060013226,4.59,84.8305319,112.8717,1
"30","AUT",1989,59.7345155,64.1996638,42.9379,42.324,7.15,NA,187.8428,7619.57,1.058806857,7.46,86.4170008,120.8731,1
"31","AUT",1990,61.4070819,66.7189285,46.913,46.7904,8.77,NA,193.6904,7677.85,1.049388458,8.53,87.9882383,131.0751,1
"32","AUT",1991,63.2968986,69.1918717,49.858,48.6383,8.56,NA,199.9346,7754.89,1.048734403,9.1,89.1002222,140.6117,1
"33","AUT",1992,65.4976978,72.6768713,51.9833,49.9935,7.37,NA,205.9484,7840.71,1.033182416,9.32,89.5624086,150.786,1
"34","AUT",1993,67.5669275,77.9317869,51.6897,51.1415,6.7,NA,211.0354,7905.63,0.990080158,7.23,89.2855711,162.5404,1
"35","AUT",1994,69.3909595,80.3963996,58.0866,55.219,7.03,NA,215.8113,7936.12,0.983961105,5.04,90.3184181,171.7086,1
"36","AUT",1995,70.5152808,84.072718,64.0131,61.8187,7.14,68.3205,220.6203,7948.28,0.958002369,4.52,91.8438917,184.3511,1
"37","AUT",1996,71.7716667,83.3086534,66.9987,64.0351,6.32,68.2596,225.5812,7959.02,0.976323191,3.34,92.6575445,186.9677,1
"38","AUT",1997,72.6066667,81.9871585,71.0833,69.5588,5.68,63.4934,231.1597,7968.04,1.00462926,3.51,93.1198505,187.8541,1
"39","AUT",1998,73.2025,82.1681716,75.2279,74.7889,4.71,63.859,237.1843,7976.79,1.006845781,3.58,94.7861134,195.0116,1
"40","AUT",1999,73.5791667,82.9427575,79.3042,80.2296,4.68,66.6905,243.5692,7992.32,1,2.96,96.2371566,203.8506,1
"41","AUT",2000,75.0191667,84.0741308,89.7451,92.5905,5.56,66.1242,250.0267,8011.57,1,4.39,97.7955163,213.6065,1
"42","AUT",2001,76.7441667,85.7111408,94.6474,98.3929,5.08,66.729,256.078,8042.29,1,4.26,97.6198406,220.5251,1
"43","AUT",2002,78.035,86.6930478,94.3871,102.755,4.96,66.728,261.7422,8082.12,1,3.32,98.4589527,226.7352,1
"44","AUT",2003,79.0508333,87.8266029,96.9579,103.3421,4.14,65.8529,267.414,8118.25,1,2.33,98.1408059,231.8625,1
"45","AUT",2004,80.6041667,89.3545403,106.4518,113.5819,4.13,65.1894,273.2564,8169.44,1,2.11,99.6162818,242.3483,1
"46","AUT",2005,82.2991667,91.6221733,115.3858,123.5307,3.39,68.6425,279.4935,8225.28,1,2.19,100.348795,254.075,1
"47","AUT",2006,83.6875,93.3558131,126.5381,136.1664,3.8,67.309,285.5252,8267.95,1,3.08,101.9735953,267.8245,1
"48","AUT",2007,85.5291667,95.42941,136.799,149.2613,4.3,65.0313,291.0673,8295.19,1,4.28,103.7720368,283.978,1
"49","AUT",2008,88.2875,97.2963154,143.4287,156.4249,4.36,68.6984,296.1141,8321.54,1,4.63,103.2602168,293.7619,1
"50","AUT",2009,88.6425,99.1345022,120.5603,130.2173,3.94,79.854,298.262,8341.48,1,1.22,99.1096899,288.044,1
"51","AUT",2010,90.1441667,100,141.3132,151.683,3.23,82.6967,300.8833,8361.07,1,0.81,100,295.8966,1
"52","AUT",2011,93.345,101.8334099,158.6436,167.3103,3.32,82.4444,303.6242,8388.53,1,1.39,101.364386,310.1287,1
"53","AUT",2012,95.7458333,103.9253094,163.0819,171.9888,2.37,81.9201,306.352,8426.31,1,0.57,100.8343532,318.653,1
"54","AUT",2013,97.7733333,105.6129407,163.9799,173.1018,2.01,81.2662,309.2208,8477.23,1,0.22,100.0617989,323.9102,1
"55","AUT",2014,99.2016667,107.9107672,166.9627,177.8553,1.49,84.0475,312.3182,8543.93,1,0.21,99.6236274,333.1461,1
"56","AUT",2015,100,110.2501083,169.8564,182.7678,0.75,84.7293,316.4432,8629.52,1,-0.01975,99.8474002,344.2585,1
"57","AUT",2016,100.9708333,111.8060857,173.3432,186.464,0.38,82.9817,321.1057,8739.81,1,-0.2641667,100.4871213,356.2376,1
"58","AUT",2017,103.2233333,113.2060563,187.327,198.7583,0.58,78.1979,326.5138,8795.07,1,-0.33,101.3554586,369.8992,1
"59","AUT",2018,105.4116667,115.0232787,196.7224,210.608,0.69,73.7537,332.3615,8843.96,1,-0.32,102.3624743,386.0938,1
"60","AUT",2019,107.3546764,117.362731,203.4577,217.8471,NA,69.7411,338.3027,8886.874,1,NA,102.5561915,399.9475,1
"61","AUT",2020,109.3602839,119.537193,210.8255,226.5181,NA,66.7759,344.8003,8929.112,1,NA,103.1627298,414.0001,1
"62","BEL",1960,NA,12.6452415,3.8432,3.7527,NA,NA,NA,9153.489,1.309128183,NA,47.4892455,11.4936,2
"63","BEL",1961,NA,12.6590207,4.182,4.0764,5.87,NA,NA,9183.948,1.322925937,4.63,49.1031202,12.0784,2
"64","BEL",1962,NA,12.836607,4.5504,4.5243,5.18,NA,NA,9220.578,1.325984943,3.36,50.6222492,12.8825,2
"65","BEL",1963,NA,13.2261251,5.1435,5.0006,5,NA,NA,9289.77,1.325984943,3.6,52.2273723,13.8579,2
"66","BEL",1964,NA,13.8416612,5.7782,5.7021,5.6,NA,NA,9378.113,1.325984943,4.85,54.8413618,15.5105,2
"67","BEL",1965,NA,14.5633138,6.1684,6.1312,6.44,NA,116.2391,9463.667,1.325984943,5.03,56.0058817,16.9044,2
"68","BEL",1966,NA,15.165577,6.9955,6.847,6.65,NA,122.1417,9527.807,1.325984943,5.55,56.7834357,18.1504,2
"69","BEL",1967,NA,15.7231773,7.1765,7.208,6.68,NA,128.2909,9580.991,1.319795042,5.51,58.1909476,19.5458,2
"70","BEL",1968,NA,16.7020828,8.343,8.3836,6.55,NA,134.2269,9618.756,1.275268407,4.48,59.8960198,21.6289,2
"71","BEL",1969,NA,17.4890738,10.0039,10.1806,7.29,NA,140.4297,9646.032,1.266966453,7.33,62.4621766,24.1481,2
"72","BEL",1970,NA,18.310938,11.252,11.7572,7.8,NA,146.757,9655.549,1.267023468,8.08,64.7561927,26.8484,2
"73","BEL",1971,NA,19.2962152,12.0729,12.5986,7.32,NA,153.0296,9673.162,1.260945119,5.35,66.0085831,29.3549,2
"74","BEL",1972,NA,20.9695681,13.6562,14.6751,7.04,NA,159.3267,9711.115,1.223632186,4.18,68.6824785,33.5771,2
"75","BEL",1973,NA,23.1847954,17.9556,18.7465,7.5,NA,165.8136,9741.72,1.184953359,6.59,71.4795714,39.397,2
"76","BEL",1974,NA,27.0047044,24.8632,25.1855,8.77,NA,172.4724,9772.419,1.13813123,10.61,72.6347959,47.8152,2
"77","BEL",1975,NA,30.6273187,24.2974,24.3462,8.52,NA,178.7313,9800.7,1.129626003,7.01,71.2163963,53.5098,2
"78","BEL",1976,NA,34.7828686,30.7069,30.9046,9.09,NA,184.7314,9818.227,1.070044794,10.33,74.3168405,64.2053,2
"79","BEL",1977,NA,39.4789961,35.2362,34.4452,8.76,NA,189.9599,9830.358,1.013455661,7.42,73.9490882,73.3301,2
"80","BEL",1978,NA,41.9240363,37.409,36.4044,8.93,NA,194.6888,9839.534,0.993091207,7.3,74.9741054,80.0847,2
"81","BEL",1979,NA,43.9053184,44.2247,42.3812,9.69,NA,198.9244,9848.382,0.995671779,10.92,75.4067598,85.8329,2
"82","BEL",1980,NA,44.9804907,48.4122,45.5496,11.9,NA,203.3381,9859,1.006398132,14.33,77.782957,91.8427,2
"83","BEL",1981,NA,46.4939501,52.9367,50.6477,13.44,NA,205.3497,9858,1.023668874,15.56,77.8894162,94.6678,2
"84","BEL",1982,NA,46.192141,56.3574,54.4001,13.43,NA,207.4483,9856,1.108371612,14.25,78.5305431,94.6128,2
"85","BEL",1983,NA,48.0044793,58.9265,58.9487,11.94,NA,210.1548,9854,1.126378598,10.42,79.1222043,98.6316,2
"86","BEL",1984,NA,50.6112175,67.7092,67.9173,12.24,NA,213.4332,9855,1.126480234,11.53,80.7711997,106.5522,2
"87","BEL",1985,NA,53.5763596,70.1249,70.8623,10.97,NA,217.5982,9857,1.11338154,9.55,81.4851764,114.6579,2
"88","BEL",1986,NA,56.4778635,67.4533,69.7635,8.63,NA,221.9658,9859,1.085721581,8.05,82.2324372,123.0704,2
"89","BEL",1987,NA,58.4389346,70.1177,72.0264,8.18,NA,226.6324,9870,1.06695852,7.05,83.2479512,130.2812,2
"90","BEL",1988,NA,59.1737257,78.4294,81.2167,8.01,NA,232.3557,9904,1.076564394,6.73,85.3221631,138.1501,2
"91","BEL",1989,NA,62.0810332,91.6409,94.3346,8.66,NA,238.5307,9940,1.075376984,8.73,86.3517171,149.9658,2
"92","BEL",1990,NA,65.2635938,96.9069,99.1394,10.01,NA,244.7111,9968,1.051705631,9.82,87.2078173,162.6,2
"93","BEL",1991,63.721246,67.4628268,99.463,102.0145,9.29,NA,250.1959,10006,1.046688266,9.39,87.6019027,171.1602,2
"94","BEL",1992,65.1552823,70.8301084,102.2105,106.1806,8.65,NA,255.5634,10047,1.031068495,9.38,88.0486797,182.454,2
"95","BEL",1993,66.774886,75.7003978,101.7355,107.2278,7.23,NA,260.6978,10086,1.003257321,8.08,86.7542031,193.1239,2
"96","BEL",1994,68.3721746,78.8737432,113.3553,120.091,7.75,NA,266.0077,10116,0.983058957,5.58,89.028902,207.713,2
"97","BEL",1995,69.2412876,82.124111,124.0535,131.7237,7.48,130.5448,271.553,10137,0.955676638,4.7,89.5314474,221.4303,2
"98","BEL",1996,70.4758333,80.9214653,127.717,133.98,6.49,127.9735,277.185,10157,0.974186847,3.18,90.1242834,221.6643,2
"99","BEL",1997,71.535,79.1622085,135.9915,143.6981,5.75,123.2058,283.8133,10181,1.004791782,3.44,92.2867688,224.8911,2
"100","BEL",1998,72.1841667,80.3825566,139.9243,147.6324,4.75,118.1965,290.6624,10203,1.00696085,3.54,92.352009,232.8686,2
"101","BEL",1999,73.0033333,81.4022983,146.7762,156.0573,4.75,114.4166,297.935,10226,1,2.96,94.0628222,244.226,2
"102","BEL",2000,74.9591667,83.0495486,178.7451,185.5521,5.59,108.7692,305.4435,10251,1,4.39,95.4862425,258.222,2
"103","BEL",2001,76.7841667,84.7949049,179.8699,188.7639,5.13,107.5916,312.6473,10287,1,4.26,94.70723,265.7884,2
"104","BEL",2002,77.9725,86.2193335,178.27,193.4114,4.99,104.7112,319.1585,10333,1,3.32,95.9734529,275.0651,2
"105","BEL",2003,79.155,87.9118005,179.1752,193.8776,4.18,101.1136,325.2193,10376,1,2.33,96.3405883,282.6365,2
"106","BEL",2004,80.625,89.6528316,196.157,210.2027,4.15,96.5238,331.6713,10421,1,2.11,98.635135,298.7108,2
"107","BEL",2005,82.6708333,91.5678508,217.5849,229.0045,3.43,94.6771,338.2093,10479,1,2.19,99.1214547,311.4808,2
"108","BEL",2006,84.595,93.6829596,235.1404,247.3196,3.81,91.0494,344.5443,10548,1,3.08,100.2379772,326.6621,2
"109","BEL",2007,86.1316667,95.5636404,253.9593,267.1206,4.33,87.0282,351.2317,10626,1,4.28,101.8340426,344.7125,2
"110","BEL",2008,89.9983333,97.3939078,280.4629,282.1763,4.42,92.5308,357.3684,10710,1,4.63,100.7189364,354.0659,2
"111","BEL",2009,89.9925,98.151732,233.8472,241.7394,3.9,99.5366,361.5758,10796,1,1.22,98.0833846,348.7811,2
"112","BEL",2010,92.0925,100,272.5538,279.1137,3.46,99.7199,366.1411,10896,1,0.81,100,365.1005,2
"113","BEL",2011,95.18,102.0018424,307.5239,309.4855,4.23,102.5926,371.1759,10994,1,1.39,100.4902376,379.1063,2
"114","BEL",2012,97.6791667,104.0160604,316.5455,318.9352,3,104.3326,374.6921,11068,1,0.57,100.0298386,387.5001,2
"115","BEL",2013,98.8983333,105.1042704,315.7878,320.6605,2.41,105.452,377.6257,11125,1,0.22,100.0687959,392.3398,2
"116","BEL",2014,99.3833333,105.8514728,328.1997,330.7365,1.71,107.5232,381.2403,11180,1,0.21,100.5293793,400.0866,2
"117","BEL",2015,99.9991667,106.9063063,326.2298,332.0935,0.84,106.3663,385.6632,11238,1,-0.01975,101.1166831,411.0102,2
"118","BEL",2016,101.7691667,108.8365525,345.647,351.287,0.48,106.0953,390.7654,11295,1,-0.2641667,101.164741,424.6603,2
"119","BEL",2017,104.0325,110.6517827,371.514,376.628,0.72,103.4302,395.7957,11349,1,-0.33,101.3266186,439.0519,2
"120","BEL",2018,106.4366667,111.9531134,393.0063,395.4688,0.79,102.0138,401.5084,11405,1,-0.32,101.309719,450.5768,2
"121","BEL",2019,108.3726062,113.6672702,410.8185,413.172,NA,101.2753,406.6142,11460,1,NA,101.3266488,463.0862,2
"122","BEL",2020,110.1518405,115.4625059,430.2713,431.7633,NA,100.7368,411.7006,11517.92,1,NA,101.3786314,476.0404,2
"123","CYP",1960,NA,NA,0.15909,0.12649,NA,NA,NA,572.783,0.647993726,NA,NA,0.2709,3
"124","CYP",1961,NA,NA,0.16478,0.13371,NA,NA,NA,574.733,0.653976531,NA,NA,0.29421,3
"125","CYP",1962,NA,NA,0.18973,0.14802,NA,NA,NA,577.4,0.655586204,NA,NA,0.32974,3
"126","CYP",1963,NA,NA,0.2009,0.15561,NA,NA,NA,582.2,0.655299655,NA,NA,0.34421,3
"127","CYP",1964,NA,NA,0.16222,0.13356,NA,NA,NA,586.95,0.654706958,NA,NA,0.31584,3
"128","CYP",1965,NA,NA,0.21744,0.19561,NA,NA,NA,590.8,0.65441629,NA,NA,0.39768,3
"129","CYP",1966,NA,NA,0.23803,0.22736,NA,NA,NA,595.15,0.653469503,NA,NA,0.43374,3
"130","CYP",1967,NA,NA,0.25515,0.24025,NA,NA,NA,599.45,0.659472435,NA,NA,0.49111,3
"131","CYP",1968,NA,NA,0.27658,0.25828,NA,NA,NA,604.3,0.732316505,NA,NA,0.47994,3
"132","CYP",1969,NA,NA,0.33578,0.29973,NA,NA,NA,609.4,0.726165198,NA,NA,0.55658,3
"133","CYP",1970,NA,NA,0.38339,0.3231,NA,NA,NA,614.45,0.728775872,NA,NA,0.59588,3
"134","CYP",1971,NA,NA,0.41978,0.36928,NA,NA,NA,620,0.734874264,NA,NA,0.68194,3
"135","CYP",1972,NA,NA,0.48291,0.42998,NA,NA,NA,627.439,0.735060023,NA,NA,0.77407,3
"136","CYP",1973,NA,NA,0.62248,0.49107,NA,NA,NA,634.789,0.734607124,NA,NA,0.86063,3
"137","CYP",1974,NA,NA,0.61731,0.42755,NA,NA,NA,571.75,0.742445385,NA,NA,0.78624,3
"138","CYP",1975,NA,NA,0.48449,0.32014,NA,NA,NA,502,0.780899955,NA,NA,0.63071,3
"139","CYP",1976,NA,NA,0.69288,0.58102,NA,NA,NA,497.95,0.783648599,NA,NA,0.81655,3
"140","CYP",1977,NA,NA,0.93598,0.69719,NA,NA,NA,497.8,0.795396652,NA,NA,1.01941,3
"141","CYP",1978,NA,NA,1.01907,0.72371,NA,NA,NA,499.65,0.812080632,NA,NA,1.19528,3
"142","CYP",1979,NA,NA,1.25688,0.9297,NA,NA,NA,503.55,0.829699679,NA,NA,1.4547,3
"143","CYP",1980,NA,NA,1.57474,1.19295,NA,NA,NA,509.05,0.790684363,NA,NA,1.84302,3
"144","CYP",1981,NA,NA,1.84891,1.5489,NA,NA,NA,515.25,0.779050496,NA,NA,2.15491,3
"145","CYP",1982,NA,NA,2.18187,1.82575,NA,NA,NA,521.4,0.783581707,NA,NA,2.50661,3
"146","CYP",1983,NA,NA,2.53799,2.11109,NA,NA,NA,528.05,0.744024166,NA,NA,2.92785,3
"147","CYP",1984,NA,NA,3.27042,2.81224,NA,NA,NA,534.95,0.712532933,NA,NA,3.59705,3
"148","CYP",1985,NA,NA,2.44774,2.14064,NA,NA,NA,541.5,0.925069284,NA,NA,3.0706,3
"149","CYP",1986,NA,NA,2.14632,2.09651,NA,NA,NA,547.75,0.942707176,NA,NA,3.25201,3
"150","CYP",1987,NA,NA,2.17049,2.15531,NA,NA,NA,553.75,1.070628458,NA,NA,3.18816,3
"151","CYP",1988,NA,NA,2.96199,2.8097,NA,NA,NA,559.65,0.936202531,NA,NA,4.07847,3
"152","CYP",1989,NA,NA,3.46573,3.14443,NA,NA,NA,567.7,1.012464248,NA,NA,4.27059,3
"153","CYP",1990,NA,55.9784028,3.80318,3.63022,NA,NA,NA,579.9,0.994320609,NA,NA,4.92576,3
"154","CYP",1991,NA,59.0268238,4.04737,3.52797,NA,NA,NA,595.1,0.979626636,NA,NA,5.23245,3
"155","CYP",1992,NA,61.3251165,4.89934,4.24509,NA,NA,NA,611.15,0.997267946,NA,NA,5.96274,3
"156","CYP",1993,NA,64.5613092,4.09158,4.28016,NA,NA,NA,626.05,0.996013833,NA,NA,6.3214,3
"157","CYP",1994,NA,67.8605175,4.569,4.78366,NA,NA,NA,639.15,0.997705348,NA,NA,7.03637,3
"158","CYP",1995,NA,66.6437808,5.13694,5.07132,NA,47.849,NA,650.85,1.010841076,NA,98.7825219,7.59597,3
"159","CYP",1996,66.8108333,68.3709209,5.57368,5.53947,NA,49.1372,NA,661.3,1.011328028,NA,97.4453111,7.89012,3
"160","CYP",1997,69.0233333,71.0369498,5.93858,5.82147,6.93,53.026,NA,670.75,0.995145863,NA,97.3367762,8.41428,3
"161","CYP",1998,70.6341667,72.8199857,6.06012,6.28759,6.74,54.6581,12.79772,679.05,0.989861159,NA,101.0083751,9.15258,3
"162","CYP",1999,71.4391667,74.5606337,6.32526,6.58538,7.36,54.8442,13.28706,686.7,0.989006858,6.25,102.9401794,9.83973,3
"163","CYP",2000,74.9083333,77.2628453,7.29656,7.55919,7.55,55.7361,13.76583,694,0.980600539,6.44,106.161712,10.80458,3
"164","CYP",2001,76.3983333,79.8169467,7.38413,7.91422,7.62,57.3221,14.23899,701.5,0.983966484,5.93,107.2504629,11.60293,3
"165","CYP",2002,78.5258333,80.1356717,7.39912,7.5404,5.7,60.5193,14.76667,709.61,0.982958409,4.4,107.7025633,12.08295,3
"166","CYP",2003,81.6483333,83.182185,7.23915,7.43475,4.74,63.8377,15.27497,718.31,0.997977016,3.9,106.2469194,12.87133,3
"167","CYP",2004,83.1975,85.7646943,7.94658,7.92929,5.8,64.766,15.81025,727.98,0.994149749,4.74,106.9778275,13.93798,3
"168","CYP",2005,84.8833333,88.2582162,8.45584,8.3757,5.16,63.437,16.35179,738.54,0.985572569,4.25,107.520832,15.03929,3
"169","CYP",2006,86.79,91.1479763,9.16803,8.69071,4.13,59.2607,17.00302,750.96,0.983778538,3.37,108.0206997,16.26384,3
"170","CYP",2007,88.6683333,93.8039156,10.20563,9.36879,4.48,54.0323,17.69745,767.12,0.995482458,4.15,107.3733756,17.59105,3
"171","CYP",2008,92.5516667,97.7841094,11.9464,9.5203,4.6,45.5571,18.42461,786.63,1,4.63,105.5888669,19.00618,3
"172","CYP",2009,92.7125,98.0485876,10.0976,9.0991,4.6,54.2965,18.94086,808.04,1,1.22,100.9780109,18.67353,3
"173","CYP",2010,95.0866667,100,11.09295,9.69075,4.6,56.7568,19.38277,829.45,1,0.81,100,19.29951,3
"174","CYP",2011,98.4016667,101.8248606,10.99972,10.44318,5.79,66.1799,19.69129,850.88,1,1.39,99.0340836,19.73098,3
"175","CYP",2012,101.4508333,103.5603706,10.65802,10.41615,7,80.1371,19.69391,863.94,1,0.57,97.301398,19.48972,3
"176","CYP",2013,101.8383333,102.3252705,10.38326,10.63911,6.5,103.1198,19.40753,861.94,1,0.22,94.4590921,18.14049,3
"177","CYP",2014,101.5733333,100.6528439,10.6146,10.9256,6,107.9712,19.02146,852.5,1,0.21,94.4069196,17.60998,3
"178","CYP",2015,99.9991667,99.4783363,11.4129,11.4481,4.54,107.9904,18.8205,847.66,1,-0.01975,95.5943961,17.74602,3
"179","CYP",2016,98.7816667,98.891137,12.044,11.9324,3.77,105.511,18.97989,851.56,1,-0.2641667,97.0915038,18.4902,3
"180","CYP",2017,99.4466667,100.5917647,13.4156,12.7262,2.62,95.7524,19.37415,859.52,1,-0.33,97.5862354,19.64869,3
"181","CYP",2018,100.2341667,102.1717381,13.6832,13.3266,2.18,102.5433,19.74358,869.34,1,-0.32,97.9483606,20.73085,3
"182","CYP",2019,101.1548822,103.3434497,14.29223,13.5692,NA,96.4223,20.16013,875.425,1,NA,98.0324496,21.61752,3
"183","CYP",2020,102.2692742,104.6495985,14.90028,13.83436,NA,89.8795,20.59095,880.888,1,NA,97.9093564,22.48237,3
"184","DEU",1960,NA,10.5949701,NA,NA,6.3,NA,NA,72777.683,2.26811635,5.1,54.6012207,NA,6
"185","DEU",1961,NA,11.4275865,NA,NA,5.88,NA,NA,73340.128,2.202348875,3.59,55.5584769,NA,6
"186","DEU",1962,NA,11.9534832,NA,NA,5.91,NA,NA,73987.949,2.187925331,3.42,56.9456359,NA,6
"187","DEU",1963,NA,12.3222436,NA,NA,6.05,NA,NA,74676.166,2.187925331,3.98,57.4511212,NA,6
"188","DEU",1964,NA,12.6950475,NA,NA,6.23,NA,NA,75279.841,2.187925331,4.09,60.1027539,NA,6
"189","DEU",1965,NA,13.1680092,NA,NA,7.05,NA,NA,75924.87,2.187925331,5.14,61.9530949,NA,6
"190","DEU",1966,NA,13.6213422,NA,NA,8.13,NA,NA,76561.16,2.187925331,6.63,62.7276295,NA,6
"191","DEU",1967,NA,13.899504,NA,NA,6.92,NA,NA,76912.006,2.177714832,4.27,62.9633155,NA,6
"192","DEU",1968,NA,14.7151881,NA,NA,6.53,NA,NA,77254.808,2.104242189,3.79,65.489584,NA,6
"193","DEU",1969,NA,15.6685546,NA,NA,6.84,NA,NA,77869.862,2.058573598,5.79,68.6792853,NA,6
"194","DEU",1970,NA,18.159844,NA,NA,8.29,NA,NA,78129.336,1.912937218,9.35,70.4206946,NA,6
"195","DEU",1971,NA,20.0569531,NA,NA,7.98,NA,NA,78272.816,1.864001473,7.11,71.2344684,NA,6
"196","DEU",1972,NA,21.3694771,NA,NA,7.95,NA,NA,78648.233,1.828799027,5.66,72.8843134,NA,6
"197","DEU",1973,NA,24.7981184,NA,NA,9.27,NA,NA,78896.321,1.675222284,12.21,74.7064315,NA,6
"198","DEU",1974,NA,28.238406,NA,NA,10.4,NA,NA,78927.072,1.578158633,9.8,74.9793289,NA,6
"199","DEU",1975,NA,30.2026739,NA,NA,8.74,NA,NA,78633.344,1.559133463,4.93,74.816829,NA,6
"200","DEU",1976,NA,33.7937822,NA,NA,8.15,NA,NA,78296.911,1.43952184,4.29,77.9955999,NA,6
"201","DEU",1977,NA,37.0405458,NA,NA,6.63,NA,NA,78119.866,1.354064515,4.33,79.7257468,NA,6
"202","DEU",1978,NA,39.7380046,NA,NA,6.18,NA,NA,78051.907,1.306902952,3.73,80.8216498,NA,6
"203","DEU",1979,NA,42.1824934,NA,NA,7.61,NA,NA,78086.419,1.283838575,6.9,82.3086922,NA,6
"204","DEU",1980,NA,44.2486252,NA,NA,8.49,NA,NA,78248.562,1.290608079,9.54,81.7613702,NA,6
"205","DEU",1981,NA,46.2851594,NA,NA,10.11,NA,NA,78367.832,1.28533666,12.35,81.4344218,NA,6
"206","DEU",1982,NA,51.2151187,NA,NA,8.97,NA,NA,78293.329,1.214824397,8.75,80.9471208,NA,6
"207","DEU",1983,NA,55.0988104,NA,NA,8.02,NA,NA,78088.35,1.160903555,5.8,82.1104875,NA,6
"208","DEU",1984,NA,57.0088093,NA,NA,7.95,NA,NA,77818.891,1.144327472,5.97,83.4467259,NA,6
"209","DEU",1985,NA,58.5284092,NA,NA,6.95,NA,NA,77645.168,1.138299341,5.44,84.1521731,NA,6
"210","DEU",1986,NA,63.0636645,NA,NA,5.89,NA,NA,77680.712,1.088126269,4.6,84.5484678,NA,6
"211","DEU",1987,NA,65.617646,NA,NA,6.14,NA,NA,77800.136,1.059156471,3.99,84.4788929,NA,6
"212","DEU",1988,NA,66.634569,NA,NA,6.49,NA,NA,78104.678,1.060623878,4.27,86.2699677,NA,6
"213","DEU",1989,NA,68.6937612,NA,NA,7.35,NA,NA,78711.033,1.058450888,7.07,87.9360348,NA,6
"214","DEU",1990,NA,71.6521369,NA,NA,8.73,NA,NA,79392.43,1.049216956,8.43,90.0175073,NA,6
"215","DEU",1991,NA,73.9105623,365.288,357.531,8.45,NA,1959.902,79973,1.048536938,9.18,92.1754984,1506.671,6
"216","DEU",1992,NA,78.9909378,373.972,365.395,7.84,NA,2021.251,80500,1.0329681,9.46,93.487027,1641.212,6
"217","DEU",1993,NA,85.8225424,358.341,359.48,6.51,NA,2072.981,80946,0.990060486,7.24,92.3586193,1766.104,6
"218","DEU",1994,NA,88.2202251,389.458,393.123,6.87,NA,2116.606,81147,0.983996564,5.32,93.6414158,1860.057,6
"219","DEU",1995,75.2816435,92.4011024,426.902,436.181,6.85,54.779,2154.099,81308,0.958033162,4.48,94.139133,1982.061,6
"220","DEU",1996,75.7333333,91.2332855,435.802,451.991,6.22,57.6457,2187.638,81466,0.976332299,3.27,94.0854716,1973.017,6
"221","DEU",1997,76.875,88.9190355,474.141,497.309,5.64,58.6889,2219.603,81510,1.004371546,3.3,95.0904204,1958.528,6
"222","DEU",1998,77.3333333,89.2439744,503.745,530.284,4.57,59.4225,2252.436,81446,1.006800182,3.52,95.5058978,2004.598,6
"223","DEU",1999,77.8333333,90.1365553,543.646,558.369,4.49,59.9826,2288.195,81422,1,2.96,95.6649581,2064.88,6
"224","DEU",2000,78.9333333,89.731132,646.806,652.501,5.26,58.8612,2324.892,81457,1,4.39,96.4179761,2116.48,6
"225","DEU",2001,80.4333333,90.8769983,656.29,694.733,4.8,57.7448,2359.422,81517,1,4.26,97.5463125,2179.85,6
"226","DEU",2002,81.5,92.1043391,622.997,719.655,4.78,59.4058,2390.333,81578,1,3.32,97.3801124,2209.29,6
"227","DEU",2003,82.375,93.215915,642.217,723.557,4.07,63.0725,2419.528,81549,1,2.33,96.9626474,2220.08,6
"228","DEU",2004,83.8416667,94.2354434,690.443,804.899,4.04,64.7658,2449.184,81456,1,2.11,97.6030758,2270.62,6
"229","DEU",2005,85.4583333,94.8203575,751.938,868.355,3.35,66.9923,2478.9,81337,1,2.19,98.0304561,2300.86,6
"230","DEU",2006,86.975,95.1086544,858.981,985.788,3.76,66.4926,2513.494,81173,1,3.08,100.7637441,2393.25,6
"231","DEU",2007,88.95,96.7230166,913.826,1080.938,4.22,63.6637,2548.093,80992,1,4.28,102.5275493,2513.23,6
"232","DEU",2008,91.4,97.5343212,960.269,1113.329,3.98,65.1524,2580.051,80764,1,4.63,102.3906476,2561.74,6
"233","DEU",2009,91.625,99.2479936,808.518,930.04,3.22,72.5805,2600.2,80483,1,1.22,96.4762528,2460.28,6
"234","DEU",2010,92.65,100,955.982,1090.085,2.74,81.8069,2629.41,80284,1,0.81,100,2580.06,6
"235","DEU",2011,94.95,101.0704769,1079.344,1211.489,2.61,79.447,2651.791,80275,1,1.39,102.4596425,2703.12,6
"236","DEU",2012,97,102.6272595,1100.331,1268.318,1.5,80.6742,2676.273,80426,1,0.57,101.9466765,2758.26,6
"237","DEU",2013,98.5583333,104.6442859,1114.628,1283.053,1.57,78.2219,2719.162,80646,1,0.22,101.8216489,2826.24,6
"238","DEU",2014,99.3166667,106.4848432,1137.835,1341.314,1.16,75.2837,2764.808,80983,1,0.21,103.1992714,2938.59,6
"239","DEU",2015,99.9916667,108.592281,1184.55,1428.688,0.5,71.5668,2811.041,81687,1,-0.01975,104.0786672,3048.86,6
"240","DEU",2016,100.3583333,110.0737749,1202.764,1450.232,0.09,68.5463,2858.26,82349,1,-0.2641667,105.1949491,3159.75,6
"241","DEU",2017,102.0666667,111.7593946,1294.106,1541.898,0.32,64.5461,2906.725,82657,1,-0.33,106.1276435,3277.34,6
"242","DEU",2018,104.0416667,113.8421738,1360.945,1590.16,0.4,60.9324,2954.042,82885,1,-0.32,106.3593621,3386,6
"243","DEU",2019,105.6019482,116.2286595,1405.626,1618.935,NA,58.3997,2997.783,83037.888,1,NA,105.9389742,3475.774,6
"244","DEU",2020,107.1878872,118.6416317,1454.179,1668.459,NA,55.5744,3040.828,83124.069,1,NA,106.675722,3602.78,6
"245","ESP",1960,NA,6.9488317,0.8451,0.9662,NA,NA,NA,30263.269,0.380879401,NA,44.1226722,11.934,10
"246","ESP",1961,NA,7.0034868,1.1959,1.0527,NA,NA,NA,30774.761,0.384888152,NA,48.8666012,13.452,10
"247","ESP",1962,NA,7.3932516,1.6373,1.2426,NA,NA,NA,31030.823,0.385459113,NA,52.5838518,15.521,10
"248","ESP",1963,NA,8.022635,2.0639,1.3721,NA,NA,NA,31304.169,0.385459113,NA,56.2953461,18.318,10
"249","ESP",1964,NA,8.5299252,2.3867,1.7703,NA,NA,NA,31616.794,0.385459113,NA,58.7123224,20.681,10
"250","ESP",1965,NA,9.3122923,3.1982,1.9101,NA,NA,261.941,31961.967,0.385459113,NA,61.0637351,23.99,10
"251","ESP",1966,NA,10.0731042,3.825,2.4048,NA,NA,278.129,32330.765,0.385459113,NA,63.9516242,27.831,10
"252","ESP",1967,NA,10.767877,3.7411,2.5795,NA,NA,295.025,32730.141,0.391343022,NA,64.9660054,31.041,10
"253","ESP",1968,NA,10.3104815,4.0486,3.2532,NA,NA,313.569,33121.095,0.432860938,NA,67.3949386,31.684,10
"254","ESP",1969,NA,10.9110178,4.8617,4.0212,NA,NA,332.895,33449.084,0.430042191,NA,71.3285881,36.516,10
"255","ESP",1970,NA,11.5908062,5.4743,4.8868,NA,NA,351.987,33760.929,0.428888248,NA,72.4323869,40.437,10
"256","ESP",1971,NA,12.2917057,5.7169,5.8193,NA,NA,370.829,34224.49,0.436154484,NA,74.1394625,44.876,10
"257","ESP",1972,NA,13.4443111,7.2657,7.0557,NA,NA,391.588,34604.469,0.432746746,NA,78.2477757,53.084,10
"258","ESP",1973,NA,15.0767586,9.3833,8.5178,NA,NA,413.384,34988.947,0.431592802,NA,81.2361016,64.167,10
"259","ESP",1974,NA,18.2352685,15.0047,10.7687,NA,NA,434.457,35373.335,0.413755965,NA,83.2594474,81.97,10
"260","ESP",1975,NA,20.8618437,15.5818,11.6259,NA,NA,451.719,35757.9,0.422337817,NA,82.7403031,94.285,10
"261","ESP",1976,NA,22.8479229,18.4728,13.3567,NA,NA,467.728,36137.812,0.449221689,NA,84.3801161,106.673,10
"262","ESP",1977,NA,24.2679032,18.3357,15.3847,NA,NA,481.882,36511.638,0.521825755,15.52,85.6136939,116.519,10
"263","ESP",1978,NA,26.0913038,17.4037,17.5781,12.03,NA,492.632,36864.898,0.585505391,17.59,86.4232487,127.106,10
"264","ESP",1979,NA,32.3153962,22.0106,21.5051,13.31,NA,502.23,37191.33,0.552769464,15.52,86.2265068,157.493,10
"265","ESP",1980,NA,33.8121419,28.7659,23.9695,15.96,NA,510.428,37491.165,0.599219285,16.52,87.8906875,166.931,10
"266","ESP",1981,NA,36.8875926,34.6566,29.7595,15.81,NA,515.378,37758.631,0.617093385,16.18,88.1612002,181.872,10
"267","ESP",1982,NA,39.9964997,38.9475,34.0564,15.99,NA,520.411,37986.012,0.646434796,16.28,88.841929,199.657,10
"268","ESP",1983,NA,37.749329,39.5992,36.7564,16.91,NA,529.444,38171.525,0.76630666,20.05,89.8206357,191.778,10
"269","ESP",1984,NA,42.1598004,44.0273,46.6616,16.52,NA,534.879,38330.364,0.760697414,14.9,92.1281672,218.004,10
"270","ESP",1985,NA,44.8742912,47.3863,49.7756,13.37,NA,544.91,38469.512,0.776115178,12.22,94.1953225,237.427,10
"271","ESP",1986,NA,46.7432249,43.7,46.6927,11.36,NA,560.72,38584.624,0.8261284,11.66,95.0118141,255.363,10
"272","ESP",1987,NA,47.881489,51.2294,49.1727,12.81,NA,576.226,38684.815,0.854428257,15.82,96.3015136,276.091,10
"273","ESP",1988,NA,52.4059892,61.5084,55.2138,11.75,NA,597.746,38766.939,0.826997464,11.64,97.6353346,317.573,10
"274","ESP",1989,NA,59.1111752,77.8669,62.642,13.7,NA,621.337,38827.764,0.783754643,15.03,98.4179362,375.499,10
"275","ESP",1990,NA,63.9276883,83.629,66.5917,14.68,NA,642.962,38867.322,0.777778178,15.16,98.0485978,421.459,10
"276","ESP",1991,NA,68.865094,91.5967,73.7264,11.38,NA,664.395,38966.376,0.772112437,13.23,98.1154923,465.557,10
"277","ESP",1992,54.6354941,71.2362698,95.9844,79.0605,11.72,NA,683.939,39157.685,0.796494897,13.34,98.4481764,486.067,10
"278","ESP",1993,57.297473,66.1790132,85.8041,79.523,10.21,NA,697.213,39361.262,0.896253291,11.69,98.1185606,446.903,10
"279","ESP",1994,59.9486308,64.5101259,94.9416,91.0241,9.99,NA,713.51,39549.108,0.955119421,8.01,99.6897565,446.014,10
"280","ESP",1995,62.6917677,65.9974397,107.3659,102.8337,11.27,61.71,731.992,39718.9,0.97964973,9.35,100.0923307,468.879,10
"281","ESP",1996,64.9266667,69.2447084,117.2355,116.7729,8.74,65.5699,748.546,39884.25,0.966114938,7.52,100.8084435,505.108,10
"282","ESP",1997,66.1466667,68.6977788,132.7,133.8183,6.4,64.4007,767.26,40049.97,0.99700095,5.38,101.0991592,519.607,10
"283","ESP",1998,67.3141667,69.8912783,147.1184,144.3736,4.83,62.5254,789.095,40214.07,1.004796077,4.25,101.3679484,551.397,10
"284","ESP",1999,68.8166667,72.097904,168.434,156.883,4.73,60.9479,815.367,40369.67,1,2.96,101.4297838,594.316,10
"285","ESP",2000,71.215,74.459885,204.355,184.932,5.53,57.9585,842.602,40554.39,1,4.39,102.0299597,646.25,10
"286","ESP",2001,73.2266667,77.4977483,211.341,194.904,5.12,54.1627,871.871,40766.05,1,4.26,102.1679705,699.528,10
"287","ESP",2002,75.8558333,80.6867692,213.59,198.39,4.96,51.268,901.216,41423.52,1,3.32,101.7982063,749.288,10
"288","ESP",2003,78.21,83.8488102,222.273,204.462,4.12,47.6401,934.849,42196.23,1,2.33,101.4247686,803.472,10
"289","ESP",2004,80.5983333,87.1367532,250.101,216.896,4.1,45.2611,967.248,42859.17,1,2.11,101.0549377,861.42,10
"290","ESP",2005,83.3258333,90.7524852,276.074,229.55,3.39,42.2838,1002.898,43662.61,1,2.19,100.6685575,930.566,10
"291","ESP",2006,86.2933333,94.3628006,310.328,250.703,3.78,38.903,1038.312,44360.52,1,3.08,100.5956497,1007.974,10
"292","ESP",2007,88.7466667,97.5061572,342.602,277.851,4.31,35.5903,1077.857,45236.01,1,4.28,100.4238485,1080.807,10
"293","ESP",2008,92.4125,99.5883441,339.795,282.589,4.37,39.4742,1107.957,45983.17,1,4.63,99.7993129,1116.225,10
"294","ESP",2009,92.1916667,99.8398383,257.071,244.658,3.98,52.7811,1116.671,46367.55,1,1.22,99.0623481,1079.052,10
"295","ESP",2010,94.075,100,289.953,275.847,4.25,60.1404,1129.612,46562.48,1,0.81,100,1080.935,10
"296","ESP",2011,96.9441667,100.0289682,312.207,309.575,5.44,69.5337,1135.425,46736.26,1,1.39,100.2359988,1070.449,10
"297","ESP",2012,99.3058333,100.096938,303.95,319.223,5.85,85.7366,1128.788,46766.4,1,0.57,100.0561309,1039.815,10
"298","ESP",2013,100.825,100.4508912,297.062,330.453,4.56,95.4507,1121.256,46593.24,1,0.22,100.3351386,1025.693,10
"299","ESP",2014,100.6333333,100.2550281,314.288,339.502,2.72,100.3665,1121.024,46455.12,1,0.21,100.9183403,1037.82,10
"300","ESP",2015,100,100.7694968,330.858,356.085,1.73,99.3312,1125.543,46410.15,1,-0.01975,102.2640433,1081.165,10
"301","ESP",2016,99.6633333,101.0655424,335.2,370.479,1.39,98.97,1133.377,46449.87,1,-0.2641667,103.2956535,1118.743,10
"302","ESP",2017,101.6925,102.3153257,366.225,400.216,1.56,98.1228,1145.831,46534.05,1,-0.33,104.1863222,1166.319,10
"303","ESP",2018,103.4575,103.3259332,390.561,414.162,1.42,97.0916,1159.182,46733.04,1,-0.32,104.771312,1208.248,10
"304","ESP",2019,104.5970481,104.9410841,405.4684,429.3319,NA,96.282,1174.855,46966.705,1,NA,105.1242818,1252.855,10
"305","ESP",2020,106.0702537,106.7203954,423.178,447.9074,NA,95.6776,1191.845,47201.539,1,NA,105.3842696,1297.838,10
"306","FIN",1960,NA,12.7869108,1.105,1.05789,NA,NA,NA,4429.634,0.568453327,NA,41.6735355,4.9958,4
"307","FIN",1961,NA,13.3294434,1.1916,1.12479,6.58,NA,NA,4461.005,0.574445863,NA,43.2514777,5.6038,4
"308","FIN",1962,NA,13.8272061,1.2763,1.19623,7.09,NA,NA,4491.443,0.575772866,NA,43.6430743,5.9864,4
"309","FIN",1963,NA,14.5388388,1.2548,1.24386,7.95,NA,NA,4523.309,0.575772866,NA,44.0951397,6.5013,4
"310","FIN",1964,NA,15.5821119,1.546,1.39536,8.41,NA,NA,4548.543,0.575772866,NA,45.4937009,7.3328,4
"311","FIN",1965,NA,16.366711,1.6975,1.54675,8.62,NA,49.3708,4563.732,0.575707272,NA,46.5414548,8.1105,4
"312","FIN",1966,NA,17.1378779,1.7839,1.63064,8.41,NA,51.847,4580.869,0.575774547,NA,46.5904925,8.6941,4
"313","FIN",1967,NA,17.1463184,1.7491,1.6514,8.19,NA,54.3481,4605.744,0.617858362,NA,47.2297302,8.8871,4
"314","FIN",1968,NA,16.3347621,1.7428,1.85099,8.15,NA,56.8266,4626.469,0.726796878,NA,47.9437563,8.6614,4
"315","FIN",1969,NA,17.1242474,2.2049,2.26628,7.91,NA,59.5108,4623.785,0.722061883,NA,51.1338425,9.9511,4
"316","FIN",1970,NA,17.7825854,2.8518,2.68717,7.83,NA,62.2419,4606,0.722089634,10.61,53.1636807,11.1057,4
"317","FIN",1971,NA,18.6964755,2.9878,2.73414,8.1,NA,65.1506,4612,0.737369507,8.09,53.5588744,11.9516,4
"318","FIN",1972,NA,19.0759498,3.1869,3.14992,7.97,NA,68.3932,4640,0.782280729,7.77,56.2284998,13.1375,4
"319","FIN",1973,NA,21.4473841,3.955,3.781,8.26,NA,71.7064,4666,0.791608432,9.34,58.2346273,15.8022,4
"320","FIN",1974,NA,27.1634393,6.1327,5.37863,8.79,NA,74.9472,4691,0.762981165,10.41,58.7695421,20.6615,4
"321","FIN",1975,NA,30.2263835,6.7278,5.28073,9.63,6.4999,78.1015,4711.4,0.764287985,11.72,59.6295836,23.7528,4
"322","FIN",1976,NA,35.9931046,7.3425,6.72192,10.17,6.0975,80.911,4725.7,0.725090107,12.37,59.2740086,28.4309,4
"323","FIN",1977,NA,36.9476559,7.5049,7.89064,10.75,7.7606,83.6494,4738.9,0.772561149,11.76,59.296461,29.2883,4
"324","FIN",1978,NA,34.7953523,7.0575,7.93935,9.78,10.9595,86.2928,4752.5,0.881054135,8.58,60.8415878,28.4489,4
"325","FIN",1979,NA,37.060451,9.2861,9.62575,9.5,11.118,89.2764,4764.7,0.895099508,8.52,63.6464546,32.4768,4
"326","FIN",1980,NA,41.8118448,12.4289,11.92539,11.6,11.2018,92.5187,4779.5,0.869908321,13.8,65.2368604,38.719,4
"327","FIN",1981,NA,50.3783624,14.313,14.77445,12.4,11.49,95.2321,4800,0.806121368,12.7,64.7544936,47.2559,4
"328","FIN",1982,NA,55.9477123,15.5173,15.61079,12.38,13.7844,98.2618,4826.9,0.791695889,13.67,65.4259171,54.1003,4
"329","FIN",1983,NA,57.5878677,16.4763,16.47029,13.06,15.2793,101.4596,4855.8,0.832225816,14.22,66.4203834,57.4243,4
"330","FIN",1984,NA,65.4216494,18.2434,19.83932,14.01,15.1071,104.5533,4881.8,0.79453322,15.8,67.496921,67.3326,4
"331","FIN",1985,NA,69.2786366,20.1542,20.64818,12.7,15.7639,107.6408,4902.2,0.78951281,12.81,68.9669852,73.824,4
"332","FIN",1986,NA,68.4327167,18.2166,19.19807,11.66,16.3739,110.5061,4918.2,0.837532145,11.67,70.1630209,74.9106,4
"333","FIN",1987,NA,70.1549809,19.4588,19.87083,10.41,17.5924,113.2885,4932.1,0.851902121,10.03,71.5451356,79.5291,4
"334","FIN",1988,NA,77.399327,22.3788,22.05886,10.56,16.4903,115.9601,4946.5,0.831457197,9.97,73.7688402,92.3126,4
"335","FIN",1989,58.9880634,86.3078396,26.8709,24.89447,12.09,14.2257,118.5892,4964.4,0.794353259,12.56,75.8255299,108.1748,4
"336","FIN",1990,62.4093711,88.3299111,26.3953,24.66978,13.3,13.7864,120.468,4986.4,0.816545655,14,75.5429493,111.4573,4
"337","FIN",1991,65.2445295,87.0678012,22.9503,21.96971,11.23,21.844,121.1632,5013.7,0.841294509,13.08,73.1099426,103.3669,4
"338","FIN",1992,67.3679075,75.6960929,21.4391,22.17427,11.98,39.1859,121.5798,5042,0.976672335,13.25,73.6909193,86.8787,4
"339","FIN",1993,69.6109125,66.8278487,20.383,23.88137,8.83,54.1167,122.1329,5066.4,1.126233448,7.77,75.9974626,76.137,4
"340","FIN",1994,70.7294243,73.6165666,24.7461,29.66445,9.04,56.1321,123.9449,5088.3,1.04121277,5.34,79.7257321,87.1753,4
"341","FIN",1995,71.0105476,83.1854334,29.0571,36.71041,8.79,55.1473,126.769,5107.8,0.960109188,5.75,82.0794552,102.6508,4
"342","FIN",1996,71.77,81.3967494,30.6204,37.82386,7.08,55.3181,130.3611,5124.6,0.980227827,3.63,84.0839755,104.1187,4
"343","FIN",1997,72.6433333,82.3795589,34.1074,42.32333,5.96,52.2476,135.21,5139.8,0.989052648,3.23,87.073336,111.9637,4
"344","FIN",1998,73.6233333,83.4963368,35.3553,44.8267,4.79,46.8626,140.9072,5153.5,1.006185952,3.57,90.1035163,119.6419,4
"345","FIN",1999,74.5875,84.8086972,36.343,47.726,4.72,44.0522,147.179,5165.5,1,2.96,91.9919629,126.923,4
"346","FIN",2000,76.7891667,86.1914973,44.84,57.348,5.48,42.5111,153.6966,5176.2,1,4.39,95.0845909,136.261,4
"347","FIN",2001,78.8358333,89.0646293,44.13,57.36,5.04,40.9777,160.0762,5188,1,4.26,95.8883518,144.437,4
"348","FIN",2002,80.4183333,89.9288036,44.79,57.96,4.98,40.2329,165.6189,5200.6,1,3.32,96.2379462,148.289,4
"349","FIN",2003,81.4558333,90.120939,46.64,56.484,4.13,42.799,170.8029,5213,1,2.33,97.4245508,151.569,4
"350","FIN",2004,81.5758333,90.6686424,51.35,61.155,4.11,42.7172,175.7074,5228.2,1,2.11,100.1698151,158.477,4
"351","FIN",2005,82.2075,91.5060731,59.791,66.175,3.35,40.0026,180.2393,5246.1,1,2.19,101.2222766,164.387,4
"352","FIN",2006,83.2558333,92.3410242,67.34,74.519,3.78,38.1742,184.4127,5266.3,1,3.08,103.4139681,172.614,4
"353","FIN",2007,84.5741667,94.8942901,73.102,82.091,4.29,33.9927,188.458,5288.7,1,4.28,106.3435239,186.584,4
"354","FIN",2008,87.8858333,97.814078,80.262,87.321,4.29,32.6538,191.294,5313.4,1,4.63,104.7396777,193.711,4
"355","FIN",2009,89.3216667,99.6504536,62.021,65.661,3.74,41.6961,191.5575,5338.9,1,1.22,97.0878218,181.029,4
"356","FIN",2010,90.8275,100,69.998,72.366,3.01,47.1192,191.9909,5363.4,1,0.81,100,187.1,4
"357","FIN",2011,93.8466667,102.5840238,78.768,77.093,3.01,48.5043,192.5056,5388.3,1,1.39,101.280007,196.869,4
"358","FIN",2012,96.8141667,105.613909,81.764,78.881,1.89,53.9098,192.758,5414,1,0.57,98.8931007,199.793,4
"359","FIN",2013,98.9591667,108.3088756,80.724,78.924,1.86,56.4582,192.9193,5439,1,0.22,98.3065753,203.338,4
"360","FIN",2014,100.1558333,110.142426,78.393,76.482,1.45,60.2003,193.2436,5462.5,1,0.21,97.7926678,205.474,4
"361","FIN",2015,100,111.9821641,77.304,76.342,0.72,63.4459,194.0626,5480.5,1,-0.01975,98.1745614,209.952,4
"362","FIN",2016,100.3891667,112.1385273,79.736,77.5,0.37,63.0111,196.0434,5495.3,1,-0.2641667,100.2035563,216.073,4
"363","FIN",2017,101.2316667,113.1939634,85.577,86.228,0.55,61.3144,198.2921,5508.2,1,-0.33,101.606798,223.892,4
"364","FIN",2018,102.415,115.3916463,92.329,91.005,0.66,58.8919,201.0592,5516.2,1,-0.32,101.718542,233.555,4
"365","FIN",2019,103.873529,117.0790779,96.3213,95.28751,NA,58.2781,203.8221,5527.232,1,NA,102.2242848,240.8532,4
"366","FIN",2020,105.5599283,119.3185977,100.7903,99.80177,NA,57.6831,206.4692,5538.287,1,NA,102.4231953,248.3221,4
"367","FRA",1960,NA,13.1327834,7.2935,8.7276,5.7,NA,NA,46640,0.794951498,4.1,46.9875242,58.914,5
"368","FRA",1961,NA,13.4210048,7.7515,9.1083,5.52,NA,NA,47141,0.803330096,3.65,48.6640151,63.206,5
"369","FRA",1962,NA,14.0456712,8.4527,9.3109,5.43,NA,NA,47999,0.805186925,3.61,51.28418,70.674,5
"370","FRA",1963,NA,14.8218373,9.6909,10.2423,5.34,NA,NA,48840,0.805186925,3.98,53.4176283,79.229,5
"371","FRA",1964,NA,15.4138077,11.3452,11.5066,5.45,NA,NA,49357,0.805186925,4.7,55.6483354,87.874,5
"372","FRA",1965,NA,15.8765122,11.755,12.879,6.2,NA,604.293,49830,0.805186925,4.18,57.2433468,94.912,5
"373","FRA",1966,NA,16.3483418,13.3621,13.9831,6.58,NA,635.533,50260,0.805186925,4.79,58.8964554,102.866,5
"374","FRA",1967,NA,16.9245431,14.6563,15.0718,6.71,NA,667.972,50669,0.801429057,4.77,60.5509525,111.732,5
"375","FRA",1968,NA,18.2860281,16.8894,17.0999,6.95,NA,701.607,51053,0.774390699,6.21,62.1755846,126.142,5
"376","FRA",1969,NA,18.8566737,20.475,19.9195,7.87,NA,737.058,51473,0.806496462,9.33,64.7147696,139.326,5
"377","FRA",1970,NA,18.52317,22.4191,23.2082,8.04,NA,774.272,51944,0.865555212,8.61,66.7895161,145.222,5
"378","FRA",1971,NA,19.2950613,24.7376,26.2581,7.75,NA,812.24,52439,0.87995707,5.98,68.7640003,159.317,5
"379","FRA",1972,NA,21.0269005,28.7548,30.1624,7.35,NA,849.785,52907,0.862430007,5.31,70.2135317,181.449,5
"380","FRA",1973,NA,23.4652167,36.3516,37.7372,8.29,NA,888.648,53333,0.833553114,9.25,72.5888264,215.337,5
"381","FRA",1974,NA,25.2908646,52.5915,49.9403,10.45,NA,926.922,53682,0.864892058,12.98,73.8436181,242.073,5
"382","FRA",1975,NA,30.6842676,51.9464,54.7815,9.52,NA,961.671,53932,0.81091291,7.61,72.2895695,290.877,5
"383","FRA",1976,NA,33.8196285,67.799,64.6891,9.33,NA,996.461,54149,0.814820179,8.67,73.9802914,334.567,5
"384","FRA",1977,NA,35.0732822,73.2424,72.6363,9.87,NA,1029.619,54395,0.854641387,9.07,75.1772616,358.989,5
"385","FRA",1978,NA,37.4346472,76.4761,80.6474,9.5,NA,1061.965,54634,0.875031443,7.8,76.9360638,398.403,5
"386","FRA",1979,NA,40.6569136,91.0347,92.8193,9.89,NA,1093.375,54873,0.888748805,9.68,78.4014968,448.057,5
"387","FRA",1980,NA,45.1055559,113.7108,105.9474,13.13,NA,1123.378,55157,0.894717184,12.03,78.438882,504.931,5
"388","FRA",1981,NA,48.9532181,129.831,121.6825,15.85,NA,1147.659,55470,0.920781393,15.32,78.4622763,553.861,5
"389","FRA",1982,NA,51.5357373,142.5707,127.8975,15.65,NA,1170.416,55805,0.980425546,14.62,79.5229181,597.688,5
"390","FRA",1983,NA,53.6747193,143.0819,141.3982,13.59,NA,1191.615,56107,1.032198757,12.47,79.9253458,630.22,5
"391","FRA",1984,NA,56.6245286,159.9986,160.8701,12.49,NA,1213.317,56381,1.047577814,11.7,80.7998533,674.919,5
"392","FRA",1985,NA,60.3860956,173.2926,170.6012,11.12,NA,1237.842,56663,1.035895646,9.95,81.6693706,731.434,5
"393","FRA",1986,NA,63.3945874,161.129,160.1778,8.54,NA,1266.265,56953,1.036616729,7.71,82.6787711,785.822,5
"394","FRA",1987,NA,63.7390728,167.7016,158.8039,9.5,NA,1298.486,57263,1.056334485,8.25,83.6294632,810.333,5
"395","FRA",1988,NA,64.7711353,181.3473,175.6654,9.08,NA,1334.248,57594,1.072698363,7.94,86.142253,862.512,5
"396","FRA",1989,NA,67.0187508,208.0657,201.6825,8.79,NA,1371.216,57938,1.070782079,9.4,87.9130103,931.208,5
"397","FRA",1990,65.4826895,69.891625,217.499,209.6569,9.94,NA,1407.899,58256,1.054050799,10.32,88.9520647,999.521,5
"398","FRA",1991,67.7120735,71.0633659,222.3181,219.0944,9.05,NA,1442.812,58548,1.063075781,9.62,89.0024084,1026.931,5
"399","FRA",1992,69.348204,73.7830773,223.8182,231.0709,8.59,NA,1475.777,58839,1.044030325,10.35,90.1143507,1083.286,5
"400","FRA",1993,70.8781734,77.4078299,215.8493,234.823,6.78,NA,1504.995,59095,1.011297997,8.59,89.8328989,1129.36,5
"401","FRA",1994,72.1083937,78.7297876,237.0979,254.6681,7.22,NA,1534.759,59315,1.00351395,5.85,91.2802006,1175.736,5
"402","FRA",1995,73.4010617,80.3175959,257.4746,277.0667,7.54,56.1059,1564.346,59530,0.994738984,6.58,92.2853475,1224.716,5
"403","FRA",1996,74.9325,81.8103355,269.1343,291.6771,6.31,59.9984,1593.733,59742,0.989851469,3.94,93.0208725,1265.105,5
"404","FRA",1997,75.8833333,81.0361231,288.6743,327.3119,5.58,61.425,1624.615,59955,1.008084371,3.46,94.3507123,1282.41,5
"405","FRA",1998,76.3958333,81.944848,314.0737,350.9644,4.64,61.3473,1657.588,60176,1.006378467,3.56,96.2477599,1343.328,5
"406","FRA",1999,76.8341667,82.6356085,331.818,365.332,4.61,60.4965,1691.954,60487,1,2.96,97.4327447,1400.999,5
"407","FRA",2000,78.2266667,83.9191796,403.155,422.801,5.39,58.8824,1727.926,60903,1,4.39,98.7131329,1478.585,5
"408","FRA",2001,79.6208333,85.6045569,410.599,434.786,4.94,58.3439,1761.145,61348,1,4.26,98.6989076,1538.2,5
"409","FRA",2002,81.1641667,87.3743676,405.547,437.146,4.86,60.258,1791.743,61796,1,3.32,98.5929512,1587.829,5
"410","FRA",2003,82.9266667,88.9989789,402.544,425.799,4.13,64.4127,1822.687,62235,1,2.33,98.6406399,1630.666,5
"411","FRA",2004,84.8641667,90.4431436,433.778,451.034,4.1,65.9391,1855.833,62695,1,2.11,100.5362014,1704.019,5
"412","FRA",2005,86.4675,92.1944314,475.87,477.378,3.41,67.383,1889.303,63168,1,2.19,100.9774807,1765.905,5
"413","FRA",2006,88.1033333,94.1815235,520.594,516.282,3.8,64.6108,1921.982,63609,1,3.08,101.6995521,1848.151,5
"414","FRA",2007,89.515,96.5894029,554.598,540.732,4.3,64.5355,1954.476,64003,1,4.28,102.274147,1941.36,5
"415","FRA",2008,92.3433333,98.8757456,583.323,560.245,4.23,68.7783,1983.88,64361,1,4.63,101.3988126,1992.38,5
"416","FRA",2009,92.4375,98.9416238,496.245,480.921,3.65,83.0389,2003.52,64692,1,1.22,98.6256784,1936.422,5
"417","FRA",2010,94.045,100,560.267,534.504,3.12,85.2569,2024.827,65011,1,0.81,100,1995.289,5
"418","FRA",2011,96.2,100.9479604,625.111,585.016,3.32,87.8344,2046.354,65330,1,1.39,101.2932825,2058.369,5
"419","FRA",2012,98.3341667,102.1207987,637.065,609.994,2.54,90.604,2065.996,65651,1,0.57,100.9795597,2088.804,5
"420","FRA",2013,99.3075,102.9154016,643.611,621.707,2.2,93.4132,2086.687,65991,1,0.22,100.9698521,2117.189,5
"421","FRA",2014,99.9141667,103.5091657,662.388,637.764,1.67,94.8887,2107.017,66312,1,0.21,101.2431475,2149.765,5
"422","FRA",2015,100.0008333,104.6873577,685.011,672.558,0.84,95.5797,2125.687,66548,1,-0.01975,101.689507,2198.432,5
"423","FRA",2016,100.3058333,104.8940449,690.264,672.035,0.47,97.9568,2146.942,66721,1,-0.2641667,101.8987629,2228.568,5
"424","FRA",2017,101.4716667,105.5835207,732.987,707.717,0.81,98.4137,2170.75,66865,1,-0.33,102.9146341,2291.697,5
"425","FRA",2018,103.6016667,106.5698189,758.823,737.927,0.78,98.3907,2197.046,66977,1,-0.32,103.330027,2349.733,5
"426","FRA",2019,104.957829,107.9860569,788.0459,768.1167,NA,99.027,2224.145,67263.254,1,NA,103.5425162,2412.712,5
"427","FRA",2020,106.3750351,109.3369684,822.7007,800.9323,NA,98.9442,2252.437,67545.27,1,NA,103.9960956,2479.63,5
"428","GRC",1960,NA,10.4450443,0.60384,0.40778,NA,NA,NA,8331.725,0.0929898753,NA,49.4914943,4.1132,7
"429","GRC",1961,NA,10.4463093,0.66297,0.44578,NA,NA,NA,8398.05,0.0939697726,NA,54.1022724,4.6568,7
"430","GRC",1962,NA,10.90552,0.72638,0.4091,NA,NA,NA,8448.233,0.094187234,NA,52.879731,4.8793,7
"431","GRC",1963,NA,11.0266872,0.85074,0.49757,NA,NA,NA,8479.625,0.094187234,NA,58.0474698,5.5178,7
"432","GRC",1964,NA,11.4021869,1.04938,0.47998,NA,NA,NA,8510.429,0.094187234,NA,61.9970495,6.2426,7
"433","GRC",1965,NA,11.8671915,1.23484,0.55107,NA,NA,63.4729,8550.333,0.094187234,NA,66.6009596,7.1968,7
"434","GRC",1966,NA,12.4388163,1.26864,0.75488,NA,NA,67.9759,8613.651,0.094187234,NA,68.9068816,8.0334,7
"435","GRC",1967,NA,12.7682472,1.3354,0.7866,NA,NA,72.6174,8684.088,0.093747909,NA,71.1289849,8.7137,7
"436","GRC",1968,NA,13.4093412,1.54448,0.7821,NA,NA,77.7902,8740.765,0.0905845928,NA,74.0187067,9.8104,7
"437","GRC",1969,NA,13.9266078,1.77965,0.87934,NA,NA,83.2437,8772.764,0.0899947175,NA,79.4704135,11.3671,7
"438","GRC",1970,NA,14.4552271,1.96829,1.01612,NA,NA,88.6376,8792.806,0.0899979457,NA,83.657275,12.8522,7
"439","GRC",1971,NA,14.5183376,2.11239,1.13992,NA,NA,93.8952,8831.036,0.0922456346,NA,86.9221439,13.9207,7
"440","GRC",1972,NA,14.2490009,2.43556,1.37338,NA,NA,100.2464,8888.628,0.0987624358,NA,91.6745072,15.0504,7
"441","GRC",1973,NA,15.6845012,3.59942,2.08379,9.28,NA,106.5093,8929.086,0.1084428467,NA,94.5457088,17.9072,7
"442","GRC",1974,NA,19.8897733,4.51632,3.02032,10.54,NA,111.0096,8962.021,0.1050066031,NA,86.358481,21.2462,7
"443","GRC",1975,NA,20.1292255,4.84805,3.23348,9.36,NA,115.6065,9046.541,0.1173707997,NA,89.7537316,22.8713,7
"444","GRC",1976,NA,22.9230427,5.79411,3.91128,10.22,NA,120.3986,9188.15,0.1199829787,NA,93.087223,27.8301,7
"445","GRC",1977,NA,25.2938197,6.53637,4.41957,9.47,NA,124.6307,9308.479,0.1237123991,NA,93.2352737,31.6121,7
"446","GRC",1978,NA,25.9226675,6.77257,4.74473,9.96,NA,128.9224,9429.959,0.1373399853,NA,97.3206823,34.7451,7
"447","GRC",1979,NA,28.7173711,8.095,6.03256,11.2,NA,132.9955,9548.258,0.1489564197,NA,97.5771917,39.7548,7
"448","GRC",1980,NA,29.2549758,10.29949,7.87823,17.14,NA,136.4783,9642.505,0.1743735877,16.44,95.680999,40.7736,7
"449","GRC",1981,NA,34.3015388,12.11845,10.06602,17.65,NA,137.9278,9729.35,0.1808451944,16.8,90.2893886,47.0633,7
"450","GRC",1982,NA,41.1523824,13.75761,9.60831,15.38,NA,138.9981,9789.513,0.1917590609,18.89,88.640058,55.8248,7
"451","GRC",1983,NA,41.5339773,13.76712,9.18222,18.23,NA,139.7139,9846.627,0.2291662509,16.63,86.3827783,55.735,7
"452","GRC",1984,NA,44.7246169,14.75213,10.28482,18.47,NA,140.2646,9895.801,0.2594729274,15.71,87.4553534,61.2209,7
"453","GRC",1985,NA,44.5104599,15.14839,10.07699,15.78,NA,140.1758,9934.3,0.3103128393,17.03,87.54704,62.4589,7
"454","GRC",1986,NA,40.7155699,14.33185,10.16194,15.78,NA,140.08,9967.213,0.4033009538,19.78,86.9269017,57.4279,7
"455","GRC",1987,NA,41.2664965,13.76447,10.31052,17.42,NA,140.3284,10000.595,0.4586016141,14.93,84.3437235,56.8914,7
"456","GRC",1988,NA,44.9003885,15.03986,10.53212,16.56,NA,141.5859,10036.983,0.4917848863,15.9,86.3826775,64.5555,7
"457","GRC",1989,NA,48.171725,17.85696,11.46306,NA,NA,143.202,10089.498,0.5248437271,18.67,88.6005304,71.89,7
"458","GRC",1990,NA,51.6244617,19.53063,11.38592,NA,NA,145.26,10196.792,0.5910846662,19.86,87.0631036,77.043,7
"459","GRC",1991,NA,55.3028429,20.75683,12.08284,NA,NA,148.0423,10319.927,0.6609414527,22.73,89.6665041,85.0924,7
"460","GRC",1992,NA,57.8832585,21.47353,13.34345,24.13,NA,150.1667,10399.061,0.724948496,23.54,88.7963426,89.6837,7
"461","GRC",1993,NA,60.9218616,21.34254,13.0478,23.27,NA,152.0702,10460.414,0.7881669846,23.47,86.3128215,92.8823,7
"462","GRC",1994,52.191374,63.1582364,21.33052,14.18858,20.7,NA,154.6856,10512.922,0.8452713133,24.56,86.6068172,98.2176,7
"463","GRC",1995,56.8364063,65.9181162,23.74005,15.09779,16.96,98.9904,157.9764,10562.16,0.8891826853,16.35,87.4503023,104.662,7
"464","GRC",1996,61.3066667,70.3576609,26.66936,16.41688,14.43,101.3358,162.2816,10608.82,0.8966867205,13.79,89.5724567,114.9082,7
"465","GRC",1997,64.6425,74.0453986,29.12703,20.49744,9.92,99.4515,167.3909,10661.31,0.9078650037,12.81,93.1092304,126.3538,7
"466","GRC",1998,67.5625,72.7943669,33.51834,21.03192,8.48,97.425,173.2488,10720.57,0.970597212,13.98,93.4656172,129.0572,7
"467","GRC",1999,69.0091667,76.5816815,39.35422,26.94762,6.3,98.9067,179.8768,10761.71,0.95602,10.09,95.1908447,139.9434,7
"468","GRC",2000,71.0083333,75.2899273,49.60876,33.91156,6.1,104.9344,187.3677,10805.8,0.98791,7.72,97.631222,142.9759,7
"469","GRC",2001,73.5941667,76.9641832,50.75851,34.68306,5.3,107.0812,195.1395,10862.15,1,4.26,100.3040274,152.1938,7
"470","GRC",2002,76.48,79.5415323,49.42423,32.87663,5.12,104.8631,203.1016,10902.01,1,3.32,101.8303759,163.4608,7
"471","GRC",2003,79.1183333,82.2884958,53.0372,33.17717,4.27,101.4562,212.7422,10928.09,1,2.33,105.5249704,178.9048,7
"472","GRC",2004,81.5075,84.8087085,56.54628,40.11489,4.26,102.8734,221.3652,10955.16,1,2.11,108.0367738,193.7158,7
"473","GRC",2005,84.3491667,86.7086955,58.95308,42.46298,3.59,107.3949,227.2221,10987.35,1,2.19,107.2477122,199.2423,7
"474","GRC",2006,87.1441667,89.7392038,69.01033,46.13003,4.07,103.6117,233.1348,11020.39,1,3.08,110.8371879,217.8616,7
"475","GRC",2007,89.7491667,92.8106749,81.45266,52.40345,4.5,103.103,237.9634,11048.5,1,4.28,111.8850122,232.6946,7
"476","GRC",2008,93.5458333,96.8429156,87.03946,56.53275,4.8,109.4155,240.3235,11077.86,1,4.63,109.4673792,241.9904,7
"477","GRC",2009,94.8058333,99.3315551,68.31877,45.08918,5.17,126.7447,240.0129,11107.02,1,1.22,104.4213446,237.5342,7
"478","GRC",2010,99.2658333,100,69.45244,49.95793,9.09,146.2496,237.2485,11121.38,1,0.81,100,226.0315,7
"479","GRC",2011,102.3608333,100.7983577,66.88938,52.86568,15.75,172.0702,231.8852,11105,1,1.39,94.7137216,207.0289,7
"480","GRC",2012,103.42,100.4250118,63.35307,54.84492,22.5,159.56,225.3039,11045.04,1,0.57,91.5937958,191.2039,7
"481","GRC",2013,102.5366667,98.0627142,59.91528,54.83477,10.05,177.4096,219.0555,10965.24,1,0.22,90.559075,180.6543,7
"482","GRC",2014,101.1075,96.2661148,62.13032,57.83653,6.93,178.907,214.2505,10892.37,1,0.21,91.3668196,178.6565,7
"483","GRC",2015,100.0016667,95.9327878,55.83973,55.93081,9.67,175.8617,210.2208,10820.96,1,-0.01975,91.1662971,177.2584,7
"484","GRC",2016,100.015,95.6985733,54.31731,53.05889,8.36,178.4881,207.2915,10775.99,1,-0.2641667,91.2383772,176.488,7
"485","GRC",2017,101.1533333,96.2719418,61.29229,59.4545,5.98,176.1672,205.4519,10754.7,1,-0.33,92.1923007,180.2176,7
"486","GRC",2018,101.9366667,96.801215,67.21815,66.73561,4.19,181.1303,203.8644,10727.56,1,-0.32,93.6217239,184.7136,7
"487","GRC",2019,102.7491147,97.8624475,72.60163,71.46495,NA,174.9261,203.1969,10670.028,1,NA,95.3191999,190.9078,7
"488","GRC",2020,103.5595096,99.0812038,76.47837,75.86632,NA,168.8733,203.228,10610.462,1,NA,96.9563611,197.5257,7
"489","IRL",1960,NA,10.0832937,0.6436,0.5387,NA,NA,NA,2834.69,0.478964249,NA,38.5158064,1.9103,8
"490","IRL",1961,NA,10.2299608,0.7319,0.6241,NA,NA,NA,2819.69,0.484012728,NA,39.8780188,2.0353,8
"491","IRL",1962,NA,10.7044451,0.7735,0.628,NA,NA,NA,2830.69,0.485132637,NA,40.3108957,2.1982,8
"492","IRL",1963,NA,10.9904033,0.8718,0.7026,NA,NA,NA,2850.7,0.485132637,NA,41.3002672,2.364,8
"493","IRL",1964,NA,12.0521814,0.9974,0.7957,NA,NA,NA,2864.7,0.485132637,NA,41.8601023,2.6906,8
"494","IRL",1965,NA,12.588974,1.136,0.8833,NA,NA,22.8375,2876.7,0.485132637,NA,41.7738054,2.8647,8
"495","IRL",1966,NA,13.1475921,1.1787,0.9958,NA,NA,23.8982,2884.71,0.485132637,NA,41.4053949,3.0186,8
"496","IRL",1967,NA,13.3795161,1.202,1.0894,NA,NA,25.0248,2900.71,0.492216506,NA,43.0824568,3.2496,8
"497","IRL",1968,NA,12.6110634,1.3563,1.1405,NA,NA,26.2207,2913.71,0.544339254,NA,45.5717645,3.3154,8
"498","IRL",1969,NA,13.8499839,1.6143,1.2745,NA,NA,27.54,2926.72,0.540796684,NA,46.9505532,3.8547,8
"499","IRL",1970,NA,15.1966554,1.7655,1.4216,NA,NA,28.8493,2950.72,0.540820809,NA,47.3986884,4.342,8
"500","IRL",1971,NA,16.6943139,1.9362,1.5785,9.24,NA,30.2501,2978.73,0.544188155,6.48,47.9453471,4.9354,8
"501","IRL",1972,NA,18.0705091,2.0534,1.7413,9.07,NA,31.7492,3024.74,0.570037483,7.05,49.6941522,5.6889,8
"502","IRL",1973,NA,18.6167689,2.4885,2.0659,10.72,NA,33.4061,3073.75,0.637816101,12.24,50.1418969,6.1376,8
"503","IRL",1974,NA,19.3174127,3.4337,2.5036,14.62,NA,34.9562,3124.77,0.652101924,14.55,50.6927948,6.6399,8
"504","IRL",1975,NA,21.2897292,3.4093,2.924,13.97,NA,36.5097,3177.78,0.710817153,10.9,52.6789901,7.7318,8
"505","IRL",1976,NA,23.19175,4.1862,3.4992,14.61,NA,38.1456,3228.79,0.789675506,11.69,52.455232,8.5363,8
"506","IRL",1977,NA,25.0038437,5.2689,4.357,12.89,NA,39.8148,3272.8,0.830029052,8.41,54.9573343,9.9507,8
"507","IRL",1978,NA,27.2529569,6.2867,5.1381,12.84,NA,41.6306,3314.81,0.842963873,9.86,56.6765988,11.6186,8
"508","IRL",1979,NA,30.756464,8.072,5.945,15.07,NA,43.5231,3368.83,0.850021078,16.02,55.8569496,13.5125,8
"509","IRL",1980,NA,34.9542804,9.0089,6.9378,15.35,NA,45.1347,3401.83,0.858339132,16.23,55.9648984,15.8261,8
"510","IRL",1981,NA,40.1713112,10.6314,8.0525,17.25,NA,46.8933,3443.84,0.877415677,16.65,56.6739425,18.7894,8
"511","IRL",1982,NA,46.3822016,11.0982,9.4321,16.99,NA,48.4813,3480.85,0.875617728,17.54,56.7438165,22.1856,8
"512","IRL",1983,NA,49.5871685,11.7871,10.962,13.89,NA,49.9311,3505.86,0.907806858,14.03,56.2848891,23.6619,8
"513","IRL",1984,NA,51.9518251,13.9561,13.6072,14.62,NA,51.5773,3529.86,0.9217562,13.23,58.4472899,25.8659,8
"514","IRL",1985,NA,55.515049,15.0057,15.1813,12.67,NA,53.1806,3540.87,0.908076042,12.03,60.4234551,28.4968,8
"515","IRL",1986,NA,57.2396881,13.9714,14.3036,11.1,NA,54.617,3541.87,0.931385894,12.35,59.7377814,29.4672,8
"516","IRL",1987,NA,55.3355525,14.2182,15.4572,11.3,NA,56.1368,3542.87,0.984615853,11.05,61.6730115,29.8153,8
"517","IRL",1988,NA,57.1925976,15.8637,17.7709,8.64,NA,57.7821,3530.7,0.984900275,8.08,63.7763856,32.1306,8
"518","IRL",1989,NA,60.0311417,19.0806,21.002,8.94,NA,59.7918,3509.5,0.986355395,9.8,67.1046311,35.8202,8
"519","IRL",1990,NA,60.5266616,19.5395,21.2413,10.08,NA,62.2675,3505.8,0.974864265,11.37,69.6840192,38.8744,8
"520","IRL",1991,NA,61.6136912,20.4898,22.3928,9.21,NA,64.9026,3525.7,0.974916324,10.44,70.4878299,40.3362,8
"521","IRL",1992,NA,63.9368966,22.0949,25.234,9.07,NA,67.8657,3549.1,0.965912612,12.37,72.0448204,43.2565,8
"522","IRL",1993,NA,63.9479899,23.6238,28.1196,7.7,NA,71.14,3563.3,1.015729515,9.27,72.8587359,44.4289,8
"523","IRL",1994,65.8286013,65.5506361,28.156,32.693,7.92,NA,75.1272,3570.7,1.007686994,5.87,75.1356537,48.1637,8
"524","IRL",1995,67.6718021,65.6225235,33.0948,38.8783,8.25,78.5431,80.1903,3601.3,1.035503146,6.28,79.8433291,52.9446,8
"525","IRL",1996,69.1333333,68.7937501,38.1858,44.7206,7.29,69.8517,86.5199,3626.1,1.007471139,5.42,83.0772035,59.7723,8
"526","IRL",1997,70,75.8569323,47.6331,56.3928,6.29,61.6004,94.0814,3664.3,0.949149529,6.05,88.5936151,73.0919,8
"527","IRL",1998,71.5,76.8430759,59.1742,67.9363,4.8,51.481,102.3727,3714.17,0.998325215,5.47,91.0122392,80.4609,8
"528","IRL",1999,73.25,80.0432082,68.1184,80.2268,4.71,46.6499,111.3667,3754.75,1,2.96,94.8742233,92.6324,8
"529","IRL",2000,77.1166667,85.5602562,87.4093,102.4081,5.51,36.0733,120.5173,3804.25,1,4.39,99.0371042,108.3804,8
"530","IRL",2001,80.1916667,91.4169301,97.2029,116.2587,5.01,33.2395,129.6042,3863.81,1,4.26,100.1834098,121.9586,8
"531","IRL",2002,83.9583333,96.208121,99.6455,123.0094,5.01,30.5521,138.3628,3931.84,1,3.32,102.7976735,135.9592,8
"532","IRL",2003,87.3333333,100.0429229,95.6308,117.6852,4.13,29.9297,146.3519,3996.98,1,2.33,102.2850605,145.5558,8
"533","IRL",2004,89.3416667,100.7029169,103.3065,125.7511,4.08,28.2149,154.2244,4067.33,1,2.11,104.2959757,156.1438,8
"534","IRL",2005,91.2916667,103.8726653,116.912,135.4411,3.33,26.0766,162.1298,4159.99,1,2.19,104.223945,170.187,8
"535","IRL",2006,93.7416667,107.4876456,131.2667,146.148,3.76,23.6184,169.5554,4269.83,1,3.08,103.774525,184.9937,8
"536","IRL",2007,96.4416667,108.8045347,142.9937,159.3046,4.31,23.9084,175.4305,4400.18,1,4.28,103.9867104,197.202,8
"537","IRL",2008,99.45,108.374255,141.7848,157.9419,4.53,42.4037,177.4228,4496.04,1,4.63,97.8902836,187.7691,8
"538","IRL",2009,97.7666667,103.367949,135.6757,158.5962,5.23,61.5433,176.5299,4539.15,1,1.22,96.1767589,170.1006,8
"539","IRL",2010,96.1916667,100,144.9248,172.7966,5.74,85.9938,175.1673,4559.77,1,0.81,100,167.7212,8
"540","IRL",2011,97.3583333,98.3778477,145.1427,177.3031,9.6,110.8605,175.0421,4578.54,1,1.39,104.3180515,171.1402,8
"541","IRL",2012,99.2083333,100.5372739,152.3986,183.0127,6.17,119.8647,177.2404,4597.44,1,0.57,103.8905812,175.2162,8
"542","IRL",2013,99.7333333,101.8756545,152.456,186.2443,3.79,119.684,181.4062,4620.04,1,0.22,102.9401013,179.9224,8
"543","IRL",2014,100.0333333,101.6343432,179.1643,214.3497,2.37,104.1331,188.7838,4652.46,1,0.21,109.2918683,195.2929,8
"544","IRL",2015,100,109.1717421,244.8861,320.5649,1.18,76.8233,232.426,4695.77,1,-0.01975,133.4138553,262.4662,8
"545","IRL",2016,99.7916667,108.2531229,285.882,328.2354,0.74,73.4562,246.4692,4748.99,1,-0.2641667,133.6822524,273.2382,8
"546","IRL",2017,100.05,108.6740841,263.2682,352.5556,0.8,68.4668,267.3691,4802.27,1,-0.33,141.4231965,294.1101,8
"547","IRL",2018,100.7666667,110.3302928,284.3546,383.8083,0.95,64.7537,280.8892,4860.65,1,-0.32,147.5320383,318.4596,8
"548","IRL",2019,101.7535174,112.1941919,300.6095,404.7467,NA,61.3181,293.0571,4905.854,1,NA,150.6607803,336.0147,8
"549","IRL",2020,103.1101631,114.3130553,317.7837,427.1456,NA,55.9019,304.5461,4947.554,1,NA,153.0837005,353.8899,8
"550","ITA",1960,NA,9.1277204,4.9477,4.8527,5.26,31.9006,NA,50199.7,0.340926111,3.5,48.6894422,37.074,9
"551","ITA",1961,NA,9.3957583,5.4692,5.4718,4.97,30.0327,NA,50536.35,0.344520134,3.5,51.7508002,41.394,9
"552","ITA",1962,NA,9.874911,6.3235,6.1017,5.05,28.8858,NA,50879.45,0.345315994,3.5,54.6071677,46.543,9
"553","ITA",1963,NA,10.7157801,7.8323,6.7035,5.19,26.9364,NA,51252,0.345315994,3.5,57.4565396,53.646,9
"554","ITA",1964,NA,11.3685143,7.5848,7.7045,5.74,26.7668,NA,51675.35,0.345315994,3.5,58.8414263,59.167,9
"555","ITA",1965,NA,11.7473926,7.7487,9.2283,5.39,27.8026,569.768,52112.35,0.345315994,3.5,61.2176294,63.954,9
"556","ITA",1966,NA,12.0308651,8.96,10.2962,5.49,32.4809,602.105,52519,0.345315994,3.5,64.9461551,69.874,9
"557","ITA",1967,NA,12.4600208,10.1979,11.0961,5.59,32.053,636.338,52900.5,0.343704649,3.5,68.2679332,77.949,9
"558","ITA",1968,NA,13.0609344,11.2241,13.0916,5.61,34.4227,670.655,53235.75,0.332108125,3.5,71.9675732,87.689,9
"559","ITA",1969,NA,13.63929,13.6528,15.1734,5.8,35.0371,706.937,53537.95,0.329946237,3.71,74.9308423,97.611,9
"560","ITA",1970,NA,14.526857,16.6225,16.8921,7.73,35.9777,741.28,53821.85,0.329961214,5.25,77.7586401,110.238,9
"561","ITA",1971,NA,15.4078684,17.7532,18.6906,7,40.6432,775.252,54073.489,0.33436091,5.69,77.5307217,118.812,9
"562","ITA",1972,NA,16.1633064,20.1361,21.2109,6.59,46.1643,807.156,54381.345,0.33789864,5.18,78.9686121,128.906,9
"563","ITA",1973,NA,16.6772776,25.7071,23.0941,6.92,49.0849,840.996,54751.405,0.370021226,6.98,81.5509271,141.943,9
"564","ITA",1974,NA,18.1663457,36.5932,30.4887,9.61,48.7846,875.873,55110.868,0.408942968,14.88,83.0633569,162.424,9
"565","ITA",1975,NA,20.8639014,34.3425,34.5398,10.04,55.0501,904.209,55441.001,0.418096133,10.44,79.8662008,182.043,9
"566","ITA",1976,NA,21.3801161,42.6028,40.4745,12.66,54.7409,931.588,55718.26,0.480382901,15.97,83.2674999,198.952,9
"567","ITA",1977,NA,23.4901315,46.2109,48.464,14.71,53.7776,958.662,55955.411,0.519961576,13.95,83.5004988,223.371,9
"568","ITA",1978,NA,25.0514632,48.5894,53.8799,13.05,57.8364,988.844,56155.143,0.557886039,11.5,84.592841,245.123,9
"569","ITA",1979,NA,27.5583575,61.3935,64.5797,13.02,56.6465,1016.485,56317.749,0.587950028,11.95,87.2974722,284.641,9
"570","ITA",1980,NA,31.9594512,78.4682,69.6652,15.25,54.5716,1047.58,56433.883,0.614173643,16.93,87.6529539,340.328,9
"571","ITA",1981,NA,35.8653358,91.6943,84.3201,19.36,56.847,1069.506,56501.675,0.652378542,19.31,87.0228875,384.048,9
"572","ITA",1982,NA,40.3459857,97.8914,92.5734,20.22,61.3765,1090.288,56543.548,0.683676347,19.88,85.9261165,432.699,9
"573","ITA",1983,NA,45.6880451,99.1447,101.767,18.3,67.4028,1114.826,56564.074,0.69717808,18.31,85.5419693,494.524,9
"574","ITA",1984,NA,49.5814107,119.5093,117.4587,15.6,72.703,1137.353,56576.718,0.713424264,17.27,87.0650929,552.834,9
"575","ITA",1985,NA,51.7659335,128.4821,126.4035,13.71,78.4721,1163.178,56593.071,0.747823392,15.04,88.0599812,592.32,9
"576","ITA",1986,NA,55.2948688,114.2298,122.6419,11.47,82.4117,1190.036,56596.155,0.754995429,12.83,89.16569,649.844,9
"577","ITA",1987,NA,57.4698987,123.0555,126.152,10.64,86.1642,1217.314,56601.931,0.772055034,11.39,90.769922,696.12,9
"578","ITA",1988,NA,59.7648208,132.6654,133.2431,10.9,87.7249,1247.23,56629.288,0.793966751,11.29,92.8790856,753.085,9
"579","ITA",1989,48.481607,64.7342497,156.7605,156.8517,12.79,90.0458,1275.167,56671.781,0.780092136,12.68,94.7453861,842.234,9
"580","ITA",1990,51.4874667,69.6857789,169.6839,171.5266,13.54,91.8894,1304.583,56719.239,0.786038621,12.33,95.0622742,924.63,9
"581","ITA",1991,54.6886712,74.5145215,172.2452,173.1538,13.17,95.0694,1334.027,56758.521,0.791849794,12.2,95.0347406,1002.928,9
"582","ITA",1992,57.4105511,74.8551186,179.9308,178.9066,13.28,101.6401,1360.408,56797.087,0.824014729,14.01,95.389343,1014.795,9
"583","ITA",1993,60.0011872,67.4262352,158.9757,185.9734,11.19,111.3411,1377.763,56831.821,0.95091542,10.19,95.9890666,906.451,9
"584","ITA",1994,62.5062296,67.1893081,172.4123,202.6709,10.52,117.2731,1396.059,56843.4,0.989045433,8.45,98.160442,922.002,9
"585","ITA",1995,65.8729154,63.5415193,188.6969,221.5913,12.21,116.9095,1415.098,56844.3,1.100125499,10.33,100.2513312,895.337,9
"586","ITA",1996,68.4916667,72.2404249,198.1581,244.9967,9.4,116.3409,1435.714,56860.3,1.011718407,8.69,100.6322521,1031.004,9
"587","ITA",1997,69.8,75.2595869,224.0276,264.7043,6.86,113.7639,1457.794,56890.4,0.996400295,6.78,101.7371358,1093.807,9
"588","ITA",1998,71.1583333,76.5942052,238.5382,272.8744,4.88,110.8079,1481.035,56906.7,1.003806287,4.91,102.3183799,1131.194,9
"589","ITA",1999,72.325,78.1318125,251.6621,272.4728,4.73,109.6555,1502.117,56916.3,1,2.96,102.933016,1171.901,9
"590","ITA",2000,74.2166667,79.6673526,307.5454,317.9683,5.58,105.1161,1525.557,56942.1,1,4.39,104.8378308,1239.266,9
"591","ITA",2001,75.9416667,82.0463133,317.9225,334.2272,5.19,104.7272,1547.232,56979.8,1,4.26,104.7904585,1298.89,9
"592","ITA",2002,77.925,84.7983095,319.3063,329.3452,5.03,101.9301,1565.529,57099.5,1,3.32,103.5747402,1345.794,9
"593","ITA",2003,80.1166667,87.4960254,318.5824,324.88,4.25,100.4863,1582.034,57412.6,1,2.33,102.6251729,1390.71,9
"594","ITA",2004,81.925,89.7041853,340.0863,348.5181,4.26,100.0896,1601.614,57844.8,1,2.11,103.220792,1448.363,9
"595","ITA",2005,83.7333333,91.3980098,368.8881,367.2421,3.56,101.9429,1614.552,58190.6,1,2.19,103.4323701,1489.726,9
"596","ITA",2006,85.6,93.1335208,419.0836,406.1331,4.05,102.5574,1627.522,58428.4,1,3.08,103.643489,1548.473,9
"597","ITA",2007,87.3333333,95.4009594,447.237,441.4547,4.49,99.792,1641.386,58787.4,1,4.28,103.7809164,1609.551,9
"598","ITA",2008,90.3833333,97.767454,452.9784,440.102,4.68,102.4079,1645.555,59241.9,1,4.63,102.3347767,1632.151,9
"599","ITA",2009,91.075,99.681571,363.8464,353.5295,4.31,112.5472,1640.664,59578.3,1,1.22,98.0987317,1572.878,9
"600","ITA",2010,92.55,100,435.7442,404.1485,4.04,115.4127,1635.655,59829.6,1,0.81,100,1604.515,9
"601","ITA",2011,95.2666667,101.4683909,467.9319,442.2189,5.42,116.5215,1636.025,60060,1,1.39,100.2745413,1637.463,9
"602","ITA",2012,98.425,102.8688095,445.2372,461.1738,5.49,123.361,1618.876,60339.1,1,0.57,98.2781173,1613.265,9
"603","ITA",2013,99.65,104.1155175,426.8876,463.1288,4.32,129.021,1615.501,60646.4,1,0.22,98.1891047,1604.599,9
"604","ITA",2014,99.8833333,105.1138883,429.0261,475.301,2.89,131.7855,1613.461,60789.1,1,0.21,98.3362106,1621.827,9
"605","ITA",2015,99.9916667,106.0946764,446.3334,494.2204,1.71,131.5566,1610.339,60730.6,1,-0.01975,98.9679714,1652.085,9
"606","ITA",2016,99.9416667,107.3174226,446.4549,500.5884,1.49,131.3965,1606.178,60627.5,1,-0.2641667,99.3302548,1689.824,9
"607","ITA",2017,101.2666667,107.885635,488.0359,538.3395,2.11,131.3555,1609.303,60536.7,1,-0.33,100.4714535,1727.382,9
"608","ITA",2018,102.525,108.8005459,513.9913,557.9519,2.61,132.156,1616.756,60437.7,1,-0.32,100.7833303,1756.982,9
"609","ITA",2019,103.4026907,109.5108693,537.579,577.9301,NA,133.7367,1621.22,60419.229,1,NA,100.8818088,1770.233,9
"610","ITA",2020,104.5848066,110.6490928,562.7771,602.9881,NA,135.2159,1629.211,60395.369,1,NA,101.2135613,1801.363,9
"611","NLD",1960,NA,8.6076543,5.4099,5.8153,4.2,NA,NA,11486.631,1.821278662,2.1,52.8139918,12.6276,11
"612","NLD",1961,NA,9.0777047,5.813,6.0252,3.91,NA,NA,11638.712,1.769080324,1.14,53.1728758,13.7251,11
"613","NLD",1962,NA,9.4617055,6.174,6.4365,4.21,NA,NA,11805.689,1.757345567,1.88,53.8498773,14.8743,11
"614","NLD",1963,NA,9.9060787,6.8725,6.9968,4.22,NA,NA,11965.966,1.757345567,1.98,54.6045038,16.1373,11
"615","NLD",1964,NA,10.7655554,8.0821,7.9789,4.92,NA,NA,12127.12,1.757345567,3.45,57.4777133,18.9887,11
"616","NLD",1965,NA,11.4239585,8.6226,8.7786,5.21,NA,183.265,12294.732,1.757345567,3.96,59.123462,21.2076,11
"617","NLD",1966,NA,12.1075407,9.2955,9.3001,6.24,NA,193.6475,12456.251,1.757345567,4.87,59.3280185,23.0928,11
"618","NLD",1967,NA,12.6760769,9.8451,9.9597,6,NA,204.5194,12598.201,1.749145759,4.69,61.3556541,25.4536,11
"619","NLD",1968,NA,13.6691226,11.1871,11.5618,6.22,NA,215.455,12729.721,1.690131642,4.55,63.5439142,29.209,11
"620","NLD",1969,NA,14.6410456,13.2815,13.6688,7.04,NA,226.3563,12873,1.679132009,5.71,65.6956014,33.2972,11
"621","NLD",1970,NA,15.4668068,16.1676,16.1072,7.83,NA,237.8978,13032,1.679209152,6.15,67.7137405,37.3349,11
"622","NLD",1971,NA,17.0240732,17.9902,18.6075,7.05,NA,249.1604,13194,1.659705678,4.45,68.8434908,42.868,11
"623","NLD",1972,NA,18.7080852,19.1817,21.1499,6.67,NA,259.1338,13330,1.633572476,2.74,70.2515134,48.7732,11
"624","NLD",1973,NA,21.309175,23.8684,26.6033,7.31,NA,268.8621,13438,1.555803622,7.54,72.4301032,58.579,11
"625","NLD",1974,NA,26.0105773,33.7671,37.2632,10.69,NA,277.6342,13543,1.438959754,10.36,73.6389191,73.9619,11
"626","NLD",1975,NA,28.4404558,34.7415,38.4061,9.15,NA,285.0235,13660,1.422555599,5.35,72.9296861,80.873,11
"627","NLD",1976,NA,32.8836682,43.1919,47.4272,9.2,NA,292.7237,13773,1.340988606,7.37,75.0969921,97.6747,11
"628","NLD",1977,NA,36.5592437,48.684,51.1497,8.49,NA,299.9472,13856,1.270634521,4.75,75.8341708,111.3293,11
"629","NLD",1978,NA,39.1531219,52.1232,53.7096,8.05,NA,306.7392,13939,1.249751555,6.97,76.548763,122.4428,11
"630","NLD",1979,NA,41.1006843,61.2178,62.7567,9.2,NA,313.344,14034,1.247332907,9.58,76.4823742,131.1222,11
"631","NLD",1980,NA,43.4771419,69.4511,70.8737,10.74,NA,320.0349,14148,1.252560455,10.55,76.1752623,140.565,11
"632","NLD",1981,NA,46.0081864,73.7631,81.0131,12.24,NA,324.3312,14247,1.259290015,11.77,75.5030889,147.5825,11
"633","NLD",1982,NA,51.1039628,80.3074,88.8866,10.45,NA,327.0505,14312,1.186140645,8.21,75.1334386,161.8945,11
"634","NLD",1983,NA,53.3803777,86.6955,94.2294,8.81,NA,332.398,14368,1.151331164,5.67,77.0241317,172.6065,11
"635","NLD",1984,NA,54.9116714,95.4221,106.8657,8.56,NA,336.6572,14423,1.145046308,6.08,78.7230554,182.9942,11
"636","NLD",1985,NA,55.6593355,103.8474,113.9816,7.34,NA,342.8201,14488,1.13944666,6.26,79.293257,190.2717,11
"637","NLD",1986,NA,58.3352165,94.9999,104.0993,6.19,NA,350.3755,14567,1.089480921,5.66,79.7471618,204.977,11
"638","NLD",1987,NA,59.374058,98.2975,105.1602,6.41,NA,358.6304,14664,1.059204705,5.36,79.8794461,212.6563,11
"639","NLD",1988,NA,59.8450697,106.9805,114.7116,6.42,NA,368.456,14760,1.059481511,4.82,81.1263123,221.7193,11
"640","NLD",1989,59.3737774,60.6396157,119.6602,129.1015,7.21,NA,379.4059,14846,1.059694787,7.39,82.8525009,234.5934,11
"641","NLD",1990,60.7987481,62.2017973,124.3955,136.4196,8.92,NA,391.1241,14947,1.049194313,8.68,84.2711782,250.7033,11
"642","NLD",1991,62.7203993,64.1722996,132.4781,146.0136,8.74,NA,403.5479,15068,1.048677004,9.28,84.9880899,264.9541,11
"643","NLD",1992,64.4929073,66.8194,136.4331,149.768,8.1,NA,416.4984,15182,1.032268311,9.35,85.1451349,280.5902,11
"644","NLD",1993,65.5369089,70.9956064,139.8563,158.8233,6.36,NA,429.4495,15290,0.987067264,6.85,85.6327508,301.8762,11
"645","NLD",1994,66.9365593,73.0287866,154.1514,174.9987,6.86,NA,443.3444,15381,0.979380227,5.18,87.6334722,319.7162,11
"646","NLD",1995,67.8600991,76.6445501,175.0686,197.9854,6.9,72.5566,457.4704,15459,0.952443833,4.37,88.7767852,346.0015,11
"647","NLD",1996,68.8308333,75.9644619,182.2369,203.6887,6.15,70.7421,473.5617,15530,0.970967142,2.99,89.8906114,354.9296,11
"648","NLD",1997,70.1108333,75.4651559,198.5742,222.0406,5.58,65.0645,490.5905,15611,1.00322184,3.32,91.2435128,367.8608,11
"649","NLD",1998,71.3566667,76.7282372,208.3033,232.2947,4.63,61.9247,508.6258,15707,1.007237794,3.42,92.9399944,391.4617,11
"650","NLD",1999,72.8075,78.2754153,228.592,251.277,4.63,57.8059,527.1972,15812,1,2.96,95.0383623,419.459,11
"651","NLD",2000,74.5091667,80.9527243,268.893,298.475,5.4,52.0848,545.0233,15926,1,4.39,97.0402118,452.007,11
"652","NLD",2001,78.3233333,84.3404781,273.421,305.023,4.96,49.4581,562.2278,16046,1,4.26,97.3619292,481.881,11
"653","NLD",2002,81.3458333,87.5205702,267.151,301.426,4.89,48.8018,576.0455,16149,1,3.32,96.9134894,501.137,11
"654","NLD",2003,83.1633333,89.4200108,269.922,304.015,4.12,49.9953,587.6836,16225,1,2.33,97.1169684,512.81,11
"655","NLD",2004,84.3158333,90.4966637,290.76,331.726,4.1,50.2998,597.8089,16282,1,2.11,98.877643,529.286,11
"656","NLD",2005,85.5741667,92.2964082,314.965,361.556,3.37,49.8146,607.3316,16320,1,2.19,100.0862754,550.883,11
"657","NLD",2006,86.9858333,94.6602171,348.337,398.55,3.78,45.2091,617.8755,16346,1,3.08,101.3520134,584.546,11
"658","NLD",2007,88.3641667,96.621771,381.919,425.837,4.29,42.9955,630.0482,16382,1,4.28,102.2406639,619.17,11
"659","NLD",2008,90.3166667,98.8501834,396.514,451.703,4.23,54.7007,641.0547,16446,1,4.63,102.3554779,647.198,11
"660","NLD",2009,91.1966667,99.0683477,341.492,388.883,3.69,56.7816,647.8008,16530,1,1.22,98.6819417,624.842,11
"661","NLD",2010,92.0458333,100,394.496,446.176,2.99,59.2611,652.216,16615,1,0.81,100,639.187,11
"662","NLD",2011,94.3241667,100.1936522,435.537,491.041,2.99,61.6996,657.3736,16693,1,1.39,100.7135174,650.359,11
"663","NLD",2012,96.9883333,101.6425624,455.542,519.13,1.93,66.2252,660.5263,16755,1,0.57,99.7961032,652.966,11
"664","NLD",2013,99.4733333,102.9435734,460.137,527.581,1.96,67.6713,662.8423,16804,1,0.22,100.2274834,660.463,11
"665","NLD",2014,99.79,103.2042114,466.572,541.129,1.45,67.8578,666.7539,16865,1,0.21,101.6503521,671.56,11
"666","NLD",2015,100.0016667,104.0016993,518.594,570.353,0.69,64.6453,675.9896,16940,1,-0.01975,102.1887954,690.008,11
"667","NLD",2016,100.1058333,104.4745624,491.044,563.377,0.29,61.894,684.9729,17030,1,-0.2641667,103.0231774,708.337,11
"668","NLD",2017,101.4008333,105.6775154,532.303,611.411,0.52,56.954,695.9365,17131,1,-0.33,103.925366,737.048,11
"669","NLD",2018,103.0241667,107.9985734,559.614,641.805,0.58,52.4233,708.4763,17232,1,-0.32,104.3379325,773.373,11
"670","NLD",2019,105.5497899,110.5467598,577.248,659.6666,NA,49.0578,720.8622,17330.438,1,NA,104.3492233,804.5073,11
"671","NLD",2020,107.1283927,112.3579367,605.1164,688.0916,NA,46.7239,732.8969,17417.423,1,NA,104.7802444,830.9302,11
"672","PRT",1960,NA,10.6791985,0.6453,0.50551,NA,NA,NA,8857.716,0.151464969,NA,35.1858549,3.2875,12
"673","PRT",1961,NA,10.6214982,0.83548,0.50895,NA,NA,NA,8929.316,0.153061123,NA,36.0475372,3.3868,12
"674","PRT",1962,NA,10.760972,0.74952,0.60523,NA,NA,NA,8993.985,0.153415269,NA,39.4489489,3.7926,12
"675","PRT",1963,NA,10.7069695,0.82203,0.64072,NA,NA,NA,9030.355,0.153415269,NA,40.778398,3.9184,12
"676","PRT",1964,NA,10.9592581,0.97381,0.78543,NA,NA,NA,9035.365,0.153415269,NA,43.0885052,4.2535,12
"677","PRT",1965,NA,11.6532008,1.14014,0.88381,NA,NA,43.9908,8998.595,0.153415269,NA,46.8080066,4.9485,12
"678","PRT",1966,NA,11.8957057,1.25032,0.93361,NA,NA,46.0103,8930.99,0.153415269,2.98,48.4730103,5.2815,12
"679","PRT",1967,NA,12.8538302,1.36316,1.05542,NA,NA,48.1482,8874.52,0.152701988,3.12,50.1932831,5.944,12
"680","PRT",1968,NA,13.6917953,1.59449,1.17986,NA,NA,50.3851,8836.65,0.147549406,3.4,52.5114164,6.6526,12
"681","PRT",1969,NA,14.4355337,1.68739,1.36063,NA,NA,52.6635,8757.705,0.146586726,3.4,53.4615652,7.1848,12
"682","PRT",1970,NA,15.018281,2.02087,1.49816,NA,NA,55.0893,8680.431,0.146541834,3.96,56.597784,8.1083,12
"683","PRT",1971,NA,15.5920333,2.33128,1.68752,NA,NA,57.8879,8643.756,0.147848685,4.34,60.5409698,9.301,12
"684","PRT",1972,NA,16.2090661,2.56724,1.92202,NA,NA,60.8592,8630.43,0.152013647,4.36,65.4773709,10.6726,12
"685","PRT",1973,NA,18.3914825,3.23221,2.40521,NA,NA,63.9992,8633.1,0.15097116,4.38,67.2941601,12.7055,12
"686","PRT",1974,NA,21.3874015,4.90581,3.06622,NA,NA,68.0056,8754.365,0.149302182,5.27,67.7154892,15.2058,12
"687","PRT",1975,NA,24.8439587,4.01654,2.53835,NA,NA,71.9578,9093.47,0.156802606,6.76,63.6788962,16.7634,12
"688","PRT",1976,NA,27.1663813,4.51988,2.53416,NA,NA,75.2957,9355.81,0.167692361,8.44,64.3377765,18.7502,12
"689","PRT",1977,NA,25.3836992,4.99613,2.71647,NA,NA,78.0998,9455.675,0.21757664,11.14,66.7616832,18.5739,12
"690","PRT",1978,NA,23.0906454,4.73318,2.83588,NA,NA,80.5311,9558.25,0.278666913,15.47,70.5320601,17.9377,12
"691","PRT",1979,NA,22.8534385,5.69833,3.85131,NA,NA,83.3512,9661.265,0.334263924,16.08,73.0895678,19.0141,12
"692","PRT",1980,NA,27.3168146,8.17129,5.03332,NA,NA,85.9996,9766.312,0.346924911,16.34,75.5048174,23.8104,12
"693","PRT",1981,NA,32.6171891,10.79587,5.80273,NA,NA,88.6207,9851.362,0.341650622,16.02,75.0393223,29.0488,12
"694","PRT",1982,NA,33.8986553,11.51311,6.25855,NA,NA,91.1663,9911.77,0.38909528,16.84,76.1087842,30.8431,12
"695","PRT",1983,NA,33.904711,10.76869,7.43425,NA,NA,93.5614,9957.865,0.49225716,20.92,76.0664777,31.1484,12
"696","PRT",1984,NA,35.8930328,11.79391,9.24633,NA,NA,95.8662,9996.232,0.577010904,22.46,75.0312895,32.6315,12
"697","PRT",1985,NA,38.5031589,12.06871,10.37291,27.74,NA,98.3801,10023.613,0.649691743,21.01,75.4189821,35.5773,12
"698","PRT",1986,NA,40.3294441,11.54904,10.32021,15.76,NA,101.3008,10032.733,0.733674345,15.56,78.45701,38.5019,12
"699","PRT",1987,NA,39.9333964,14.09726,11.22799,15.12,NA,105.2914,10030.031,0.811123692,13.89,82.0458304,41.0335,12
"700","PRT",1988,NA,43.2695851,17.54332,12.79425,14.15,NA,109.8857,10019.61,0.848252212,12.96,83.7786369,46.8359,12
"701","PRT",1989,40.9031554,47.0052544,20.17811,15.90367,14.94,NA,114.6524,10005,0.864980896,13.7,86.7883951,54.2622,12
"702","PRT",1990,46.3432751,50.1035641,22.98853,17.88957,15.4,NA,119.5441,9983.218,0.903366387,16.91,91.002582,62.3847,12
"703","PRT",1991,51.6393308,56.3557579,25.18363,18.42948,14.54,NA,124.0257,9960.235,0.890923873,17.67,90.8436219,72.534,12
"704","PRT",1992,56.2162379,62.806518,27.0669,19.4891,13.83,NA,128.289,9952.494,0.871468261,16.18,92.9019756,83.3669,12
"705","PRT",1993,59.5499657,61.3439179,24.81241,18.62287,9.71,NA,131.5798,9964.675,0.9395851,13.25,92.1664291,80.8658,12
"706","PRT",1994,62.5101821,62.6966272,27.0312,20.6007,10.48,NA,134.8646,9991.525,0.982113107,11.1,92.9697472,83.8798,12
"707","PRT",1995,64.9909661,66.5026741,30.1669,24.36324,11.47,58.3049,138.2042,10026.2,0.978167616,9.79,94.535211,91.0246,12
"708","PRT",1996,66.8983333,68.2105159,32.52594,25.65132,8.56,59.5107,141.9864,10063.9,0.976451751,7.36,95.7118181,96.6268,12
"709","PRT",1997,68.1625,69.8524561,36.31304,28.05007,6.36,55.1842,146.6275,10109,0.990557756,5.72,96.8662243,103.3326,12
"710","PRT",1998,69.6725,71.4208269,40.39874,30.24946,4.88,51.8273,151.9248,10160.2,1.006050418,4.32,98.0145889,110.7153,12
"711","PRT",1999,71.1841667,74.2889549,44.05271,31.67072,4.78,51.049,157.1679,10217.8,1,2.96,99.0438782,119.6392,12
"712","PRT",2000,73.1808333,76.8590667,50.40059,36.21575,5.59,50.3171,162.3268,10289.9,1,4.39,99.6257089,128.4663,12
"713","PRT",2001,76.4083333,79.7140594,51.12558,37.24934,5.16,53.4164,166.9336,10362.7,1,4.26,98.8450288,135.8275,12
"714","PRT",2002,79.2358333,83.0684784,50.22837,38.43282,5.01,56.1823,170.3856,10419.6,1,3.32,98.0212065,142.6314,12
"715","PRT",2003,81.8008333,85.9252431,49.23569,39.09984,4.18,58.6529,172.7482,10458.8,1,2.33,96.7094512,146.1583,12
"716","PRT",2004,83.8541667,87.9840749,54.105,41.52794,4.14,61.9893,174.9381,10483.9,1,2.11,97.9681536,152.3716,12
"717","PRT",2005,85.64,90.9138086,56.85719,42.41458,3.44,67.3922,176.5161,10503.3,1,2.19,98.1370077,158.6526,12
"718","PRT",2006,88.2483333,93.8097767,63.43381,49.73674,3.91,69.1748,178.0587,10522.3,1,3.08,98.6193331,166.2487,12
"719","PRT",2007,90.3858333,96.6044315,67.8136,54.40507,4.42,68.4391,179.4234,10543,1,4.28,100.2304761,175.4677,12
"720","PRT",2008,92.7825,98.2831386,73.04809,55.67458,4.52,71.6663,180.4465,10558.2,1,4.63,99.4313034,178.8726,12
"721","PRT",2009,91.945,99.3606364,59.65513,47.51262,4.21,83.6095,180.1265,10568.2,1,1.22,97.6652706,175.4482,12
"722","PRT",2010,93.2241667,100,67.3506,53.75089,5.4,96.1833,179.9683,10573.1,1,0.81,100,179.9298,12
"723","PRT",2011,96.5375,99.7304277,67.95194,60.40987,10.24,111.3897,178.8808,10557.6,1,1.39,99.31312,176.1666,12
"724","PRT",2012,99.2175,99.3339297,64.35899,63.50384,10.55,126.2224,176.506,10514.8,1,0.57,98.0947327,168.398,12
"725","PRT",2013,99.6541667,101.5858844,65.57271,67.28393,6.29,129.0395,174.8994,10457.3,1,0.22,99.0970001,170.2693,12
"726","PRT",2014,99.495,102.3480574,69.03324,69.36035,3.75,130.5996,174.6555,10401.1,1,0.21,99.4146948,173.0791,12
"727","PRT",2015,100,104.425065,71.60059,72.64755,2.42,128.7547,175.341,10358.1,1,-0.01975,100.5798519,179.8091,12
"728","PRT",2016,100.6358333,106.2533489,72.54316,74.61914,3.17,129.216,176.798,10325.5,1,-0.2641667,101.7286931,186.4805,12
"729","PRT",2017,102.2016667,107.8723219,81.53836,83.09846,3.05,124.7626,179.2203,10300.3,1,-0.33,102.5717557,194.6135,12
"730","PRT",2018,103.395,109.4122778,87.59854,87.86532,1.84,121.4776,182.0456,10278.5,1,-0.32,103.2925719,201.6057,12
"731","PRT",2019,104.4989049,110.9189975,93.14978,92.06483,NA,119.4918,184.9941,10273.361,1,NA,104.2112225,207.8002,12
"732","PRT",2020,106.1534321,112.7246657,98.41148,96.45843,NA,116.553,188.0087,10268.224,1,NA,105.276867,214.8057,12
